class_id,topic_id,class_median,student_count,specific_gap_count,class_wide_count,gap_share
10A,ALG,64.81457768386113,20,0,0,0.0
10A,DERIV,66.68880666079224,20,0,0,0.0
10A,FUNC,59.55487709333228,20,6,0,0.3
10A,GEO,64.94208823044055,20,0,0,0.0
10A,TRIG,62.23696050849532,20,5,0,0.25
10B,ALG,63.89006792033641,20,0,0,0.0
10B,DERIV,47.185074005286985,20,3,5,0.4
10B,FUNC,57.9241028188387,20,4,0,0.2
10B,GEO,65.13284271247463,20,0,0,0.0
10B,TRIG,57.91731443787339,20,4,0,0.2
10C,ALG,60.37707531222216,20,0,0,0.0
10C,FUNC,62.42732758070193,20,0,0,0.0
10C,GEO,62.84697253287688,20,0,0,0.0
10C,TRIG,61.19663679117495,20,0,0,0.0
