student_id,class_id,topic_id,topic_score,n_observations,score_std,personal_baseline,personal_gap,class_median,class_gap,class_n,grade_level,trend_label_initial,category,severity,confidence_score,confidence,priority,trend_change,trend_label
S004,10A,FUNC,22.360168662375475,6.0,5.044055907699676,60.813567044287275,38.453398381911796,59.55487709333228,37.19470843095681,20,10,stable,SPECIFIC_GAP,significant,1.0,high,3.0,-4.399999999999985,stable
S007,10A,TRIG,31.5026690616045,3.0,6.375473838599502,73.10243119151231,41.59976212990781,62.23696050849532,30.734291446890822,20,10,stable,SPECIFIC_GAP,significant,1.0,high,3.75,-12.664285714285718,declining
S011,10A,TRIG,28.995041574285175,3.0,4.520570268843917,69.58180484469486,40.58676327040968,62.23696050849532,33.24191893421015,20,10,stable,SPECIFIC_GAP,significant,1.0,high,3.0,10.842857142857149,improving
S014,10A,TRIG,23.339617519323735,3.0,1.3441230102437307,66.47398534170176,43.134367822378024,62.23696050849532,38.89734298917159,20,10,stable,SPECIFIC_GAP,significant,1.0,high,3.0,0.5142857142857138,stable
S018,10A,FUNC,24.889749285661303,6.0,9.936297097007515,62.83003292222793,37.940283636566626,59.55487709333228,34.66512780767098,20,10,stable,SPECIFIC_GAP,significant,1.0,high,3.0,13.387500000000012,improving
S018,10A,TRIG,24.175599673828902,3.0,4.328972164382673,62.83003292222793,38.65443324839903,62.23696050849532,38.06136083466642,20,10,stable,SPECIFIC_GAP,significant,1.0,high,3.75,-10.092857142857147,declining
S030,10B,FUNC,29.01057804586221,6.0,8.870174744614673,75.98956677991208,46.97898873404987,57.9241028188387,28.913524772976487,20,10,stable,SPECIFIC_GAP,significant,1.0,high,3.0,14.700000000000005,improving
S031,10B,TRIG,13.609873944547612,3.0,9.188035698668132,59.085755102813096,45.47588115826548,57.91731443787339,44.30744049332577,20,10,stable,SPECIFIC_GAP,significant,1.0,high,3.75,-18.32142857142858,declining
S038,10B,FUNC,15.134152128481805,6.0,7.711121117508719,54.020441394289804,38.886289265808,57.9241028188387,42.78995069035689,20,10,stable,SPECIFIC_GAP,significant,1.0,high,3.75,-11.062499999999986,declining
S003,10A,TRIG,28.784380753652272,3.0,6.017936154160789,60.8130921669982,32.02871141334593,62.23696050849532,33.45257975484305,20,10,stable,SPECIFIC_GAP,moderate,1.0,high,2.0,5.742857142857149,stable
S005,10A,FUNC,40.299235039710425,6.0,10.441969269358257,69.47205009117307,29.17281505146265,59.55487709333228,19.255642053621855,20,10,stable,SPECIFIC_GAP,moderate,1.0,high,2.0,20.73750000000001,improving
S009,10A,FUNC,28.8008500284894,6.0,5.768593127155586,63.67874274922883,34.87789272073943,59.55487709333228,30.75402706484288,20,10,stable,SPECIFIC_GAP,moderate,1.0,high,2.0,-2.037499999999986,stable
S012,10A,FUNC,31.531325691962042,6.0,4.072434434367509,62.45675485186351,30.925429159901466,59.55487709333228,28.023551401370238,20,10,stable,SPECIFIC_GAP,moderate,1.0,high,2.0,8.825000000000014,stable
S023,10B,TRIG,28.910147746460144,3.0,4.619764303752109,58.78885359657873,29.87870585011859,57.91731443787339,29.007166691413243,20,10,stable,SPECIFIC_GAP,moderate,1.0,high,2.0,6.000000000000002,stable
S028,10B,TRIG,26.763095148021268,3.0,1.0656244908763857,59.426013684940344,32.66291853691908,57.91731443787339,31.15421928985212,20,10,stable,SPECIFIC_GAP,moderate,1.0,high,2.0,-1.0500000000000034,stable
S036,10B,TRIG,25.767131867176484,3.0,0.7717224601860151,55.57004538158564,29.80291351440916,57.91731443787339,32.1501825706969,20,10,stable,SPECIFIC_GAP,moderate,1.0,high,2.0,-1.5857142857142847,stable
S039,10B,FUNC,29.864667171980965,6.0,3.1429374087874478,61.14666543455559,31.28199826257462,57.9241028188387,28.059435646857732,20,10,stable,SPECIFIC_GAP,moderate,1.0,high,2.0,0.4375000000000139,stable
S002,10A,FUNC,39.94898869637352,6.0,10.231935300811866,59.99721500256612,20.048226306192603,59.55487709333228,19.60588839695876,20,10,stable,SPECIFIC_GAP,mild,1.0,high,1.0,23.912500000000016,improving
S025,10B,FUNC,39.808771811872504,6.0,6.919216397508865,55.66536702865483,15.856595216782324,57.9241028188387,18.115331006966194,20,10,stable,SPECIFIC_GAP,mild,1.0,high,1.0,6.687500000000018,stable
S031,10B,DERIV,36.326689339622426,2.0,4.550000000000001,59.085755102813096,22.75906576319067,47.185074005286985,10.858384665664559,20,10,stable,SPECIFIC_GAP,mild,0.6666666666666666,medium,0.6666666666666666,-9.100000000000025,insufficient_data
S037,10B,DERIV,33.87954399543868,2.0,3.299999999999999,55.336932277348055,21.457388281909374,47.185074005286985,13.305530009848304,20,10,stable,SPECIFIC_GAP,mild,0.6666666666666666,medium,0.6666666666666666,6.600000000000013,insufficient_data
S038,10B,DERIV,36.461984001658664,2.0,1.1999999999999993,54.020441394289804,17.55845739263114,47.185074005286985,10.723090003628322,20,10,stable,SPECIFIC_GAP,mild,0.6666666666666666,medium,0.6666666666666666,-2.400000000000003,insufficient_data
S001,10A,ALG,66.80982518275718,4.0,6.4673700218867936,70.51801358626318,3.708188403506,64.81457768386113,-1.995247498896049,20,10,stable,NO_GAP,,1.0,high,0.0,-14.985714285714238,declining
S001,10A,DERIV,69.66900799917067,2.0,0.6000000000000014,69.08842217805645,-0.5805858211142265,66.68880666079224,-2.9802013383784356,20,10,stable,NO_GAP,,0.6666666666666666,medium,0.0,1.2000000000000048,insufficient_data
S001,10A,FUNC,83.19251231900917,6.0,6.600105218016518,68.23941659096393,-14.953095728045241,59.55487709333228,-23.63763522567689,20,10,stable,NO_GAP,,1.0,high,0.0,-14.712499999999977,declining
S001,10A,GEO,71.3670191733557,3.0,6.578753681359412,68.23941659096393,-3.1276025823917735,64.94208823044055,-6.424930942915154,20,10,stable,NO_GAP,,1.0,high,0.0,-14.999999999999975,declining
S001,10A,TRIG,64.10346618200003,3.0,8.276875416886895,70.51801358626318,6.414547404263146,62.23696050849532,-1.8665056735047116,20,10,stable,NO_GAP,,1.0,high,0.0,-0.7714285714285718,stable
S002,10A,ALG,57.477660673803136,4.0,4.567548576643711,58.44479431526018,0.9671336414570462,64.81457768386113,7.336917010057995,20,10,stable,NO_GAP,,1.0,high,0.0,-11.485714285714264,declining
S002,10A,DERIV,62.516769331329115,2.0,1.4499999999999993,55.92523998649719,-6.591529344831926,66.68880666079224,4.172037329463123,20,10,stable,NO_GAP,,0.6666666666666666,medium,0.0,2.9000000000000132,insufficient_data
S002,10A,GEO,63.30105752006709,3.0,3.8818666758260627,55.92523998649719,-7.375817533569901,64.94208823044055,1.6410307103734567,20,10,stable,NO_GAP,,1.0,high,0.0,5.1000000000000165,stable
S002,10A,TRIG,54.37281929919124,3.0,3.5505868059613297,59.99721500256612,5.62439570337488,62.23696050849532,7.86414120930408,20,10,stable,NO_GAP,,1.0,high,0.0,0.8357142857142716,stable
S003,10A,ALG,65.39973588303948,4.0,3.4586847211042526,54.98882100122429,-10.410914881815195,64.81457768386113,-0.5851581991783519,20,10,stable,NO_GAP,,1.0,high,0.0,4.057142857142867,stable
S003,10A,DERIV,64.75592534107376,2.0,5.600000000000001,54.98882100122429,-9.767104339849475,66.68880666079224,1.9328813197184758,20,10,stable,NO_GAP,,0.6666666666666666,medium,0.0,-11.20000000000004,insufficient_data
S003,10A,FUNC,56.87025899292265,6.0,4.446627935863309,58.93165417529984,2.06139518237719,59.55487709333228,2.6846181004096294,20,10,stable,NO_GAP,,1.0,high,0.0,0.4375000000000352,stable
S003,10A,GEO,53.107383009525925,3.0,3.1187604375242834,60.8130921669982,7.705709157472278,64.94208823044055,11.834705220914621,20,10,stable,NO_GAP,,1.0,high,0.0,-5.599999999999986,stable
S004,10A,ALG,59.02565463502541,4.0,0.7258615570479006,60.813567044287275,1.787912409261864,64.81457768386113,5.78892304883572,20,10,stable,NO_GAP,,1.0,high,0.0,-1.8142857142856927,stable
S004,10A,DERIV,62.315978668878216,2.0,1.5999999999999979,59.168405027360876,-3.14757364151734,66.68880666079224,4.372827991914022,20,10,stable,NO_GAP,,0.6666666666666666,medium,0.0,-3.199999999999994,insufficient_data
S004,10A,GEO,59.311155419696334,3.0,8.222867842520367,60.67081665195181,1.3596612322554762,64.94208823044055,5.630932810744213,20,10,stable,NO_GAP,,1.0,high,0.0,-13.099999999999977,declining
S004,10A,TRIG,67.90909662039593,3.0,4.720404879056694,59.168405027360876,-8.740691593035052,62.23696050849532,-5.672136111900606,20,10,stable,NO_GAP,,1.0,high,0.0,10.907142857142862,improving
S005,10A,ALG,70.73338951160194,4.0,1.9202864369671504,66.63535416426515,-4.09803534733679,64.81457768386113,-5.918811827740811,20,10,stable,NO_GAP,,1.0,high,0.0,-3.685714285714274,stable
S005,10A,DERIV,68.2107106707442,2.0,2.950000000000003,67.89669358469402,-0.3140170860501854,66.68880666079224,-1.5219040099519674,20,10,stable,NO_GAP,,0.6666666666666666,medium,0.0,-5.900000000000009,insufficient_data
S005,10A,GEO,71.7510812167123,3.0,2.5037749277618557,66.63535416426515,-5.115727052447141,64.94208823044055,-6.808992986271747,20,10,stable,NO_GAP,,1.0,high,0.0,-4.099999999999977,stable
S005,10A,TRIG,65.0599976577861,3.0,9.216772151295098,69.47205009117307,4.412052433386975,62.23696050849532,-2.8230371492907764,20,10,stable,NO_GAP,,1.0,high,0.0,-20.100000000000023,declining
S006,10A,ALG,41.173168153403985,4.0,5.732364259186606,41.98988887309764,0.8167207196936559,64.81457768386113,23.641409530457146,20,10,stable,BROAD_DIFFICULTY,,1.0,high,0.0,-7.25714285714283,stable
S006,10A,DERIV,38.96374000103667,2.0,0.75,43.094602949281295,4.130862948244626,66.68880666079224,27.72506665975557,20,10,stable,BROAD_DIFFICULTY,,0.6666666666666666,medium,0.0,-1.5000000000000024,insufficient_data
S006,10A,FUNC,45.01603774515861,6.0,3.0241619592137514,40.06845407722032,-4.947583667938289,59.55487709333228,14.538839348173667,20,10,stable,BROAD_DIFFICULTY,,1.0,high,0.0,6.562500000000013,stable
S006,10A,GEO,34.75091940589739,3.0,6.053832578531461,43.094602949281295,8.343683543383904,64.94208823044055,30.191168824543155,20,10,stable,BROAD_DIFFICULTY,,1.0,high,0.0,11.599999999999994,improving
S006,10A,TRIG,58.125059643350454,3.0,4.876018412142795,40.06845407722032,-18.05660556613013,62.23696050849532,4.111900865144868,20,10,stable,NO_GAP,,1.0,high,0.0,-10.178571428571438,declining
S007,10A,ALG,71.65279838965927,4.0,7.5041655099018145,63.579918824377565,-8.072879565281703,64.81457768386113,-6.838220705798136,20,10,stable,NO_GAP,,1.0,high,0.0,-12.399999999999984,declining
S007,10A,DERIV,74.55206399336535,2.0,4.799999999999997,62.13028602252452,-12.421777970840829,66.68880666079224,-7.863257332573113,20,10,stable,NO_GAP,,0.6666666666666666,medium,0.0,9.60000000000002,insufficient_data
S007,10A,FUNC,82.40158755375694,6.0,5.91816882339649,62.13028602252452,-20.271301531232417,59.55487709333228,-22.84671046042466,20,10,stable,NO_GAP,,1.0,high,0.0,-8.49999999999999,stable
S007,10A,GEO,52.60777365538978,3.0,1.0873004286866714,73.10243119151231,20.49465753612253,64.94208823044055,12.334314575050769,20,10,stable,NO_GAP,,1.0,high,0.0,-2.399999999999988,stable
S008,10A,ALG,70.36543327682746,4.0,10.379547196289442,69.91925451008325,-0.446178766744211,64.81457768386113,-5.550855592966329,20,10,stable,NO_GAP,,1.0,high,0.0,17.37142857142858,improving
S008,10A,DERIV,67.81738531930382,2.0,10.149999999999999,71.19327848884507,3.375893169541243,66.68880666079224,-1.1285786585115858,20,10,stable,NO_GAP,,0.6666666666666666,medium,0.0,20.300000000000058,insufficient_data
S008,10A,FUNC,66.24421615221023,6.0,4.2931793450645515,71.19327848884507,4.949062336634839,59.55487709333228,-6.689339058877948,20,10,stable,NO_GAP,,1.0,high,0.0,3.400000000000017,stable
S008,10A,GEO,77.20094310254262,3.0,6.316292864929206,69.09140929806564,-8.109533804476982,64.94208823044055,-12.258854872102077,20,10,stable,NO_GAP,,1.0,high,0.0,14.400000000000038,improving
S008,10A,TRIG,72.02112370086266,3.0,6.26968012652072,69.09140929806564,-2.9297144027970177,62.23696050849532,-9.784163192367338,20,10,stable,NO_GAP,,1.0,high,0.0,-2.84999999999999,stable
S009,10A,ALG,74.38181612459059,4.0,7.002321043768273,58.65835438341759,-15.723461741172997,64.81457768386113,-9.567238440729454,20,10,stable,NO_GAP,,1.0,high,0.0,-7.4857142857142565,stable
S009,10A,DERIV,67.92572400269533,2.0,1.9499999999999957,58.65835438341759,-9.267369619277744,66.68880666079224,-1.2369173419030943,20,10,stable,NO_GAP,,0.6666666666666666,medium,0.0,-3.9000000000000083,insufficient_data
S009,10A,GEO,59.43176149576234,3.0,3.021037349432585,62.90533563688408,3.4735741411217447,64.94208823044055,5.510326734678209,20,10,stable,NO_GAP,,1.0,high,0.0,-4.69999999999997,stable
S009,10A,TRIG,57.88494727107283,3.0,6.2739319586860525,63.67874274922883,5.7937954781559995,62.23696050849532,4.35201323742249,20,10,stable,NO_GAP,,1.0,high,0.0,-3.578571428571439,stable
S010,10A,ALG,56.98287259243265,4.0,4.522167621838006,63.841898929221244,6.859026336788595,64.81457768386113,7.831705091428482,20,10,stable,NO_GAP,,1.0,high,0.0,-1.0285714285714258,stable
S010,10A,DERIV,32.9,1.0,0.0,63.841898929221244,30.941898929221246,66.68880666079224,33.78880666079224,20,10,stable,WATCH,,0.3333333333333333,low,0.0,0.0,insufficient_data
S010,10A,FUNC,62.12278055291584,5.0,4.146034249737934,61.27194494897965,-0.85083560393619,59.55487709333228,-2.5679034595835617,20,10,stable,NO_GAP,,1.0,high,0.0,6.410404624277457,stable
S010,10A,GEO,65.56101730552665,3.0,6.532142748661333,59.55282657267425,-6.008190732852398,64.94208823044055,-0.6189290750861005,20,10,stable,NO_GAP,,1.0,high,0.0,2.4000000000000195,stable
S010,10A,TRIG,69.59411254969544,2.0,1.2000000000000028,59.55282657267425,-10.04128597702119,62.23696050849532,-7.357152041200116,20,10,stable,NO_GAP,,0.6666666666666666,medium,0.0,-2.400000000000012,insufficient_data
S011,10A,ALG,71.50852722745806,4.0,6.8601658143225634,64.77335680106414,-6.735170426393921,64.81457768386113,-6.693949543596929,20,10,stable,NO_GAP,,1.0,high,0.0,5.52857142857145,stable
S011,10A,DERIV,77.04073733464645,2.0,0.9499999999999957,64.77335680106414,-12.267380533582312,66.68880666079224,-10.351930673854213,20,10,stable,NO_GAP,,0.6666666666666666,medium,0.0,-1.9000000000000024,insufficient_data
S011,10A,FUNC,61.891631140196644,6.0,6.579450331651319,69.58180484469486,7.690173704498214,59.55487709333228,-2.336754046864364,20,10,stable,NO_GAP,,1.0,high,0.0,0.4375000000000387,stable
S011,10A,GEO,67.65508246193164,3.0,3.887015421745695,66.70007918382736,-0.9550032781042859,64.94208823044055,-2.712994231491095,20,10,stable,NO_GAP,,1.0,high,0.0,-5.299999999999972,stable
S012,10A,ALG,65.66586592859383,4.0,2.2282279955157187,59.84112248230075,-5.824743446293084,64.81457768386113,-0.8512882447327002,20,10,stable,NO_GAP,,1.0,high,0.0,0.8285714285714683,stable
S012,10A,DERIV,59.96470533796377,2.0,3.3500000000000014,62.33317199620048,2.3684666582367058,66.68880666079224,6.724101322828467,20,10,stable,NO_GAP,,0.6666666666666666,medium,0.0,-6.700000000000012,insufficient_data
S012,10A,GEO,64.94880436576324,3.0,2.631856125753583,59.84112248230075,-5.10768188346249,64.94208823044055,-0.006716135322690775,20,10,stable,NO_GAP,,1.0,high,0.0,-0.6999999999999963,stable
S012,10A,TRIG,59.71753962663772,3.0,4.082755061094029,62.45675485186351,2.7392152252257844,62.23696050849532,2.5194208818575987,20,10,stable,NO_GAP,,1.0,high,0.0,9.428571428571429,stable
S013,10A,ALG,62.18020626125363,4.0,6.404880951274583,64.66046115944157,2.480254898187937,64.81457768386113,2.634371422607501,20,10,stable,NO_GAP,,1.0,high,0.0,16.628571428571444,improving
S013,10A,DERIV,73.21562931992582,2.0,9.7,62.65323547628762,-10.562393843638205,66.68880666079224,-6.526822659133586,20,10,stable,NO_GAP,,0.6666666666666666,medium,0.0,19.400000000000052,insufficient_data
S013,10A,FUNC,58.77623710699831,6.0,6.852594804565316,64.66046115944157,5.884224052443258,59.55487709333228,0.778639986333971,20,10,stable,NO_GAP,,1.0,high,0.0,10.95000000000001,improving
S013,10A,GEO,63.126264691321616,3.0,4.1206795556073,64.18743194440756,1.061167253085948,64.94208823044055,1.8158235391189308,20,10,stable,NO_GAP,,1.0,high,0.0,-7.499999999999973,stable
S013,10A,TRIG,66.19465762756151,3.0,10.545457157784421,62.65323547628762,-3.541422151273892,62.23696050849532,-3.9576971190661894,20,10,stable,NO_GAP,,1.0,high,0.0,10.671428571428573,improving
S014,10A,ALG,59.22858508316494,4.0,4.247646407129483,66.47398534170176,7.245400258536826,64.81457768386113,5.585992600696194,20,10,stable,NO_GAP,,1.0,high,0.0,4.7428571428571695,stable
S014,10A,DERIV,79.63625999896334,2.0,0.75,59.85732387456561,-19.77893612439773,66.68880666079224,-12.947453338171101,20,10,stable,NO_GAP,,0.6666666666666666,medium,0.0,1.4999999999999967,insufficient_data
S014,10A,FUNC,72.46190801743724,6.0,9.972865964984967,59.85732387456561,-12.60458414287163,59.55487709333228,-12.907030924104959,20,10,stable,NO_GAP,,1.0,high,0.0,-19.324999999999978,declining
S014,10A,GEO,60.48606266596627,3.0,1.463633226673344,65.84524655030108,5.359183884334811,64.94208823044055,4.456025564474274,20,10,stable,NO_GAP,,1.0,high,0.0,-3.199999999999995,stable
S015,10A,ALG,65.03955657547782,3.0,3.7321426672742413,66.38361233581259,1.3440557603347685,64.81457768386113,-0.22497889161668638,20,10,stable,NO_GAP,,1.0,high,0.0,-8.496774193548383,stable
S015,10A,DERIV,69.301755999378,2.0,0.45000000000000284,64.25251262386249,-5.049243375515516,66.68880666079224,-2.6129493385857643,20,10,stable,NO_GAP,,0.6666666666666666,medium,0.0,0.9000000000000078,insufficient_data
S015,10A,FUNC,63.46546867224717,5.0,0.7807688518377244,67.1706562874279,3.7051876151807335,59.55487709333228,-3.9105915789148895,20,10,stable,NO_GAP,,1.0,high,0.0,-0.3959390862944096,stable
S015,10A,GEO,55.23919189857867,2.0,5.599999999999998,67.1706562874279,11.931464388849236,64.94208823044055,9.70289633186188,20,10,stable,NO_GAP,,0.6666666666666666,medium,0.0,-11.199999999999978,insufficient_data
S015,10A,TRIG,69.7151993787367,3.0,2.875567576825295,64.25251262386249,-5.462686754874213,62.23696050849532,-7.478238870241377,20,10,stable,NO_GAP,,1.0,high,0.0,-6.771428571428583,stable
S016,10A,ALG,64.58959879224444,4.0,4.89355443415111,61.49047646298517,-3.0991223292592736,64.81457768386113,0.22497889161668638,20,10,stable,NO_GAP,,1.0,high,0.0,-9.1285714285714,stable
S016,10A,DERIV,58.686742667426884,2.0,0.5499999999999972,63.618517319274275,4.931774651847391,66.68880666079224,8.002063993365354,20,10,stable,NO_GAP,,0.6666666666666666,medium,0.0,-1.0999999999999934,insufficient_data
S016,10A,FUNC,60.33351707966625,6.0,13.584386462242435,63.618517319274275,3.2850002396080242,59.55487709333228,-0.778639986333971,20,10,stable,NO_GAP,,1.0,high,0.0,33.850000000000044,improving
S016,10A,GEO,66.60133374840646,3.0,5.623956693368902,61.49047646298517,-5.1108572854212895,64.94208823044055,-1.659245517965914,20,10,stable,NO_GAP,,1.0,high,0.0,13.700000000000015,improving
S016,10A,TRIG,62.6474358463041,3.0,4.0285095120762575,62.46155793595535,-0.18587791034875067,62.23696050849532,-0.41047533780877643,20,10,stable,NO_GAP,,1.0,high,0.0,-8.271428571428581,stable
S017,10A,ALG,71.49003144401081,4.0,4.841681009732056,75.50484130109677,4.0148098570859645,64.81457768386113,-6.675453760149679,20,10,stable,NO_GAP,,1.0,high,0.0,-11.985714285714268,declining
S017,10A,DERIV,73.57172933547577,2.0,1.5499999999999972,75.50484130109677,1.9331119656210092,66.68880666079224,-6.8829226746835275,20,10,stable,NO_GAP,,0.6666666666666666,medium,0.0,-3.100000000000009,insufficient_data
S017,10A,FUNC,76.50739652000958,6.0,5.458326972006474,74.281977840043,-2.2254186799665803,59.55487709333228,-16.9525194266773,20,10,stable,NO_GAP,,1.0,high,0.0,-7.162500000000012,stable
S017,10A,GEO,74.99222634461023,3.0,9.80351410917987,74.79459279652954,-0.19763354808068812,64.94208823044055,-10.050138114169684,20,10,stable,NO_GAP,,1.0,high,0.0,-23.699999999999957,declining
S017,10A,TRIG,76.0174562575833,3.0,5.000666622228145,74.281977840043,-1.7354784175403069,62.23696050849532,-13.780495749087983,20,10,stable,NO_GAP,,1.0,high,0.0,-9.19285714285715,stable
S018,10A,ALG,60.72469374933801,4.0,7.2482325431790615,44.91256069038958,-15.812133058948426,64.81457768386113,4.089883934523122,20,10,stable,NO_GAP,,1.0,high,0.0,12.64285714285716,improving
S018,10A,DERIV,65.56022800228067,2.0,1.6500000000000057,42.807221517499656,-22.75300648478101,66.68880666079224,1.1285786585115716,20,10,stable,NO_GAP,,0.6666666666666666,medium,0.0,-3.30000000000003,insufficient_data
S018,10A,GEO,64.93537209511786,3.0,4.082755061094029,42.807221517499656,-22.1281505776182,64.94208823044055,0.006716135322690775,20,10,stable,NO_GAP,,1.0,high,0.0,0.5000000000000091,stable
S019,10A,ALG,60.87333668820983,4.0,3.2322592717787986,69.12375434942805,8.250417661218222,64.81457768386113,3.941240995651299,20,10,stable,NO_GAP,,1.0,high,0.0,-7.571428571428566,stable
S019,10A,DERIV,40.0,1.0,0.0,69.12375434942805,29.123754349428054,66.68880666079224,26.68880666079224,20,10,stable,WATCH,,0.3333333333333333,low,0.0,0.0,insufficient_data
S019,10A,FUNC,67.86983916919243,5.0,2.3174123500145583,65.62550310893675,-2.2443360602556766,59.55487709333228,-8.314962075860151,20,10,stable,NO_GAP,,1.0,high,0.0,3.046242774566505,stable
S019,10A,GEO,74.62897958142493,3.0,8.871803023562283,64.37158792870113,-10.257391652723797,64.94208823044055,-9.686891350984382,20,10,stable,NO_GAP,,1.0,high,0.0,-18.299999999999972,declining
S019,10A,TRIG,70.37766952966369,2.0,6.25,64.37158792870113,-6.00608160096256,62.23696050849532,-8.14070902116837,20,10,stable,NO_GAP,,0.6666666666666666,medium,0.0,-12.499999999999993,insufficient_data
S020,10A,ALG,53.34703307553487,4.0,3.751916177102042,62.5888792508005,9.241846175265636,64.81457768386113,11.467544608326264,20,10,stable,NO_GAP,,1.0,high,0.0,4.328571428571426,stable
S020,10A,DERIV,63.35127333091446,2.0,1.7500000000000036,58.14718063633431,-5.204092694580147,66.68880666079224,3.337533329877779,20,10,stable,NO_GAP,,0.6666666666666666,medium,0.0,3.5000000000000164,insufficient_data
S020,10A,FUNC,54.46787610198207,6.0,6.1014797840815245,62.5888792508005,8.121003148818431,59.55487709333228,5.087000991350209,20,10,stable,NO_GAP,,1.0,high,0.0,-6.074999999999968,stable
S020,10A,GEO,65.14719438901741,3.0,3.395094500402994,58.14718063633431,-7.0000137526831026,64.94208823044055,-0.20510615857686787,20,10,stable,NO_GAP,,1.0,high,0.0,-7.099999999999961,stable
S020,10A,TRIG,61.826485170686546,3.0,5.880098260705817,58.90957471644826,-2.916910454238284,62.23696050849532,0.41047533780877643,20,10,stable,NO_GAP,,1.0,high,0.0,12.10714285714286,improving
S021,10B,ALG,62.80384354274958,4.0,3.5835561946200856,57.49264068711929,-5.311202855630292,63.89006792033641,1.0862243775868308,20,10,stable,NO_GAP,,1.0,high,0.0,-0.3857142857142745,stable
S021,10B,DERIV,41.5,1.0,0.0,63.557556689985205,22.057556689985205,47.185074005286985,5.685074005286985,20,10,stable,WATCH,,0.3333333333333333,low,0.0,0.0,insufficient_data
S021,10B,FUNC,65.54386676339917,5.0,9.010438391110611,56.738927539883676,-8.80493922351549,57.9241028188387,-7.619763944560468,20,10,stable,NO_GAP,,1.0,high,0.0,9.479768786127153,stable
S021,10B,GEO,64.31126983722082,3.0,4.538232646697999,56.738927539883676,-7.572342297337144,65.13284271247463,0.821572875253807,20,10,stable,NO_GAP,,1.0,high,0.0,-10.399999999999979,declining
S021,10B,TRIG,50.67401153701776,2.0,1.8999999999999986,63.557556689985205,12.883545152967443,57.91731443787339,7.243302900855625,20,10,stable,NO_GAP,,0.6666666666666666,medium,0.0,-3.800000000000001,insufficient_data
S022,10B,ALG,51.01126651128827,4.0,5.921306865886955,51.49988308511322,0.48861657382494883,63.89006792033641,12.878801409048144,20,10,stable,NO_GAP,,1.0,high,0.0,-8.18571428571427,stable
S022,10B,DERIV,46.92572400269533,2.0,1.9499999999999993,53.54265433940969,6.616930336714354,47.185074005286985,0.25935000259165264,20,10,stable,WATCH,,0.6666666666666666,medium,0.0,-3.900000000000007,insufficient_data
S022,10B,FUNC,45.51034306179942,6.0,11.166231334797887,53.54265433940969,8.032311277610269,57.9241028188387,12.41375975703928,20,10,stable,WATCH,,1.0,high,0.0,27.07500000000001,improving
S022,10B,GEO,68.59689446403283,3.0,5.470527092215763,48.9684952569918,-19.628399207041028,65.13284271247463,-3.464051751558202,20,10,stable,NO_GAP,,1.0,high,0.0,1.3000000000000262,stable
S022,10B,TRIG,56.074042167531104,3.0,6.397395303298575,48.9684952569918,-7.105546910539303,57.91731443787339,1.8432722703422826,20,10,stable,NO_GAP,,1.0,high,0.0,-14.978571428571428,declining
S023,10B,ALG,71.17093447399135,4.0,1.5882380174268624,52.78743271921315,-18.3835017547782,63.89006792033641,-7.280866553654938,20,10,stable,NO_GAP,,1.0,high,0.0,-3.228571428571411,stable
S023,10B,DERIV,50.70957065934091,2.0,5.300000000000001,58.78885359657873,8.07928293723782,47.185074005286985,-3.5244966540539266,20,10,stable,NO_GAP,,0.6666666666666666,medium,0.0,10.600000000000032,insufficient_data
S023,10B,FUNC,62.71241241407207,6.0,4.681405297082873,52.78743271921315,-9.92497969485892,57.9241028188387,-4.788309595233372,20,10,stable,NO_GAP,,1.0,high,0.0,0.47500000000001935,stable
S023,10B,GEO,54.86529477908539,3.0,3.429609631171195,56.71099153670649,1.8456967576210985,65.13284271247463,10.267547933389238,20,10,stable,NO_GAP,,1.0,high,0.0,-4.299999999999987,stable
S024,10B,ALG,69.98272921920065,4.0,6.993345050832256,59.66011812791311,-10.322611091287541,63.89006792033641,-6.092661298864236,20,10,stable,NO_GAP,,1.0,high,0.0,-17.414285714285697,declining
S024,10B,DERIV,39.787533329877796,2.0,2.5,67.20570300230993,27.418169672432136,47.185074005286985,7.397540675409189,20,10,stable,CLASS_WIDE,,0.6666666666666666,medium,0.0,5.000000000000008,insufficient_data
S024,10B,FUNC,64.42867678541921,6.0,8.37509535600773,62.437144344803826,-1.9915324406153871,57.9241028188387,-6.504573966580516,20,10,stable,NO_GAP,,1.0,high,0.0,-21.399999999999952,declining
S024,10B,GEO,54.891559470406996,3.0,1.6006942938057285,67.20570300230993,12.314143531902936,65.13284271247463,10.241283242067631,20,10,stable,NO_GAP,,1.0,high,0.0,2.300000000000017,stable
S024,10B,TRIG,71.94800323989118,3.0,4.980182950677839,59.66011812791311,-12.28788511197807,57.91731443787339,-14.030688802017792,20,10,stable,NO_GAP,,1.0,high,0.0,1.821428571428572,stable
S025,10B,ALG,64.55361590211467,4.0,7.206594202534235,48.90110267497903,-15.652513227135643,63.89006792033641,-0.6635479817782581,20,10,stable,NO_GAP,,1.0,high,0.0,-13.399999999999995,declining
S025,10B,DERIV,42.894906676342195,2.0,7.0,55.66536702865483,12.770460352312632,47.185074005286985,4.29016732894479,20,10,stable,WATCH,,0.6666666666666666,medium,0.0,-14.00000000000003,insufficient_data
S025,10B,GEO,56.42343538369381,3.0,5.777542730261714,48.90110267497903,-7.522332708714778,65.13284271247463,8.70940732878082,20,10,stable,NO_GAP,,1.0,high,0.0,5.999999999999991,stable
S025,10B,TRIG,54.907298673615855,3.0,3.039005685344394,49.659171030018,-5.248127643597854,57.91731443787339,3.010015764257531,20,10,stable,NO_GAP,,1.0,high,0.0,5.35714285714285,stable
S026,10B,ALG,63.226519938558155,4.0,7.188532534530259,59.27492573256081,-3.9515942059973455,63.89006792033641,0.6635479817782581,20,10,stable,NO_GAP,,1.0,high,0.0,-0.7999999999999878,stable
S026,10B,DERIV,48.96259998963337,2.0,7.5,61.865536820228144,12.902936830594776,47.185074005286985,-1.7775259843463829,20,10,stable,WATCH,,0.6666666666666666,medium,0.0,15.00000000000004,insufficient_data
S026,10B,FUNC,58.045297763223495,6.0,11.25696080950212,61.865536820228144,3.820239057004649,57.9241028188387,-0.12119494438479705,20,10,stable,NO_GAP,,1.0,high,0.0,27.12500000000002,improving
S026,10B,GEO,60.504553701898125,3.0,4.939860546839579,60.63590885089083,0.13135514899270362,65.13284271247463,4.628289010576502,20,10,stable,NO_GAP,,1.0,high,0.0,12.100000000000021,improving
S026,10B,TRIG,67.76552761157008,3.0,3.63684845252956,59.27492573256081,-8.490601879009269,57.91731443787339,-9.848213173696692,20,10,stable,NO_GAP,,1.0,high,0.0,-8.742857142857147,stable
S027,10B,ALG,46.14602439877014,4.0,5.1275603360662645,38.69029999933923,-7.455724399430906,63.89006792033641,17.744043521566276,20,10,stable,BROAD_DIFFICULTY,,1.0,high,0.0,11.242857142857146,improving
S027,10B,DERIV,18.177787996060683,2.0,2.8499999999999996,44.922011888080235,26.74422389201955,47.185074005286985,29.007286009226302,20,10,stable,BROAD_DIFFICULTY,,0.6666666666666666,medium,0.0,5.7000000000000135,insufficient_data
S027,10B,FUNC,57.8029078744539,6.0,6.3074030577832385,38.69029999933923,-19.11260787511467,57.9241028188387,0.12119494438479705,20,10,stable,NO_GAP,,1.0,high,0.0,9.55000000000003,stable
S027,10B,GEO,43.697999377390325,3.0,3.069201850644561,39.914312510029134,-3.7836868673611903,65.13284271247463,21.434843335084302,20,10,stable,BROAD_DIFFICULTY,,1.0,high,0.0,3.300000000000011,stable
S027,10B,TRIG,33.68260062128814,3.0,4.0672130780452385,44.922011888080235,11.239411266792096,57.91731443787339,24.23471381658525,20,10,stable,BROAD_DIFFICULTY,,1.0,high,0.0,-2.6142857142857134,stable
S028,10B,ALG,56.6551050217231,4.0,5.687431318266622,57.838715840261685,1.1836108185385825,63.89006792033641,7.234962898613311,20,10,stable,NO_GAP,,1.0,high,0.0,-3.814285714285707,stable
S028,10B,DERIV,53.480509332365784,2.0,0.6999999999999993,59.426013684940344,5.9455043525745594,47.185074005286985,-6.295435327078799,20,10,stable,NO_GAP,,0.6666666666666666,medium,0.0,1.4,insufficient_data
S028,10B,FUNC,62.19692234815758,6.0,3.560430685558514,55.06780717704444,-7.129115171113135,57.9241028188387,-4.27281952931888,20,10,stable,NO_GAP,,1.0,high,0.0,6.100000000000021,stable
S028,10B,GEO,69.95391052434009,3.0,5.72771042098557,55.06780717704444,-14.886103347295645,65.13284271247463,-4.821067811865461,20,10,stable,NO_GAP,,1.0,high,0.0,-5.299999999999961,stable
S029,10B,ALG,70.52409256276577,4.0,8.199504558203499,65.04900864293356,-5.475083919832215,63.89006792033641,-6.63402464242936,20,10,stable,NO_GAP,,1.0,high,0.0,20.871428571428584,improving
S029,10B,DERIV,53.81949066763422,2.0,0.6999999999999993,68.17498330411178,14.355492636477557,47.185074005286985,-6.634416662347235,20,10,stable,NO_GAP,,0.6666666666666666,medium,0.0,-1.4000000000000057,insufficient_data
S029,10B,FUNC,64.27214324040933,6.0,6.148893306025801,68.17498330411178,3.902840063702442,57.9241028188387,-6.348040421570637,20,10,stable,NO_GAP,,1.0,high,0.0,11.237500000000013,improving
S029,10B,GEO,65.82587404545777,3.0,2.1452790546272134,67.39811790158755,1.5722438561297878,65.13284271247463,-0.6930313329831392,20,10,stable,NO_GAP,,1.0,high,0.0,4.600000000000028,stable
S029,10B,TRIG,77.55994165508119,3.0,5.745142876088174,65.04900864293356,-12.510933012147632,57.91731443787339,-19.642627217207803,20,10,stable,NO_GAP,,1.0,high,0.0,11.121428571428575,improving
S030,10B,ALG,74.02416551541698,4.0,5.351810441336651,62.69969602614291,-11.324469489274072,63.89006792033641,-10.134097595080569,20,10,stable,NO_GAP,,1.0,high,0.0,5.95714285714286,stable
S030,10B,DERIV,47.44442400787864,2.0,5.699999999999999,75.98956677991208,28.545142772033444,47.185074005286985,-0.25935000259165264,20,10,stable,CLASS_WIDE,,0.6666666666666666,medium,0.0,-11.40000000000003,insufficient_data
S030,10B,GEO,77.95496804440718,3.0,2.6246692913372702,60.73429476164781,-17.22067328275937,65.13284271247463,-12.822125331932554,20,10,stable,NO_GAP,,1.0,high,0.0,-4.99999999999997,stable
S030,10B,TRIG,81.34196091079289,3.0,3.3826353959926316,60.73429476164781,-20.607666149145082,57.91731443787339,-23.424646472919505,20,10,stable,NO_GAP,,1.0,high,0.0,6.857142857142857,stable
S031,10B,ALG,63.06442460006273,4.0,2.427962108435798,45.716887472592944,-17.347537127469785,63.89006792033641,0.8256433202736844,20,10,stable,NO_GAP,,1.0,high,0.0,0.6000000000000354,stable
S031,10B,FUNC,55.10708560556347,6.0,2.881357704663242,49.69555696984258,-5.411528635720892,57.9241028188387,2.8170172132752285,20,10,stable,NO_GAP,,1.0,high,0.0,-2.4999999999999605,stable
S031,10B,GEO,69.26368480233955,3.0,6.0038876294170125,45.716887472592944,-23.54679732974661,65.13284271247463,-4.130842089864927,20,10,stable,NO_GAP,,1.0,high,0.0,-13.999999999999975,declining
S032,10B,ALG,81.83663186777932,4.0,5.251666402200353,81.19980970270997,-0.6368221650693471,63.89006792033641,-17.946563947442904,20,10,stable,NO_GAP,,1.0,high,0.0,13.657142857142858,improving
S032,10B,DERIV,52.917559993780024,2.0,4.5,83.40057770321039,30.483017709430364,47.185074005286985,-5.732485988493039,20,10,stable,NO_GAP,,0.6666666666666666,medium,0.0,9.000000000000027,insufficient_data
S032,10B,FUNC,84.96452353864147,6.0,3.6522443632496553,79.63586386727889,-5.328659671362587,57.9241028188387,-27.040420719802775,20,10,stable,NO_GAP,,1.0,high,0.0,-2.67499999999997,stable
S032,10B,GEO,77.43509586677847,3.0,7.760297817881877,83.40057770321039,5.96548183643192,65.13284271247463,-12.302253154303841,20,10,stable,NO_GAP,,1.0,high,0.0,-8.999999999999986,stable
S032,10B,TRIG,88.01270933745803,3.0,3.1633315770982104,79.63586386727889,-8.376845470179148,57.91731443787339,-30.095394899584647,20,10,stable,NO_GAP,,1.0,high,0.0,-2.7642857142857182,stable
S033,10B,ALG,57.76132561711734,4.0,4.675735236302415,58.91040735524817,1.1490817381308247,63.89006792033641,6.12874230321907,20,10,stable,NO_GAP,,1.0,high,0.0,3.9714285714285706,stable
S033,10B,DERIV,58.06022800228067,2.0,1.6499999999999986,58.7609561626665,0.700728160385836,47.185074005286985,-10.875153996993681,20,10,stable,NO_GAP,,0.6666666666666666,medium,0.0,-3.300000000000001,insufficient_data
S033,10B,FUNC,54.13047196881141,6.0,16.19084103230383,58.91040735524817,4.779935386436755,57.9241028188387,3.7936308500272844,20,10,stable,NO_GAP,,1.0,medium,0.0,42.150000000000006,improving
S033,10B,GEO,69.29783756657542,3.0,4.396210489349512,57.910776809699,-11.387060756876423,65.13284271247463,-4.164994854100797,20,10,stable,NO_GAP,,1.0,high,0.0,4.300000000000004,stable
S033,10B,TRIG,59.76058670821567,3.0,6.210922278982051,57.910776809699,-1.8498098985166678,57.91731443787339,-1.8432722703422826,20,10,stable,NO_GAP,,1.0,high,0.0,-7.178571428571438,stable
S034,10B,ALG,57.07859639791668,4.0,8.54780673623357,63.45286176094811,6.374265363031434,63.89006792033641,6.811471522419737,20,10,stable,NO_GAP,,1.0,high,0.0,18.028571428571436,improving
S034,10B,DERIV,47.63099200082933,2.0,0.5999999999999979,63.45286176094811,15.82186976011878,47.185074005286985,-0.4459179955423451,20,10,stable,CLASS_WIDE,,0.6666666666666666,medium,0.0,-1.1999999999999977,insufficient_data
S034,10B,FUNC,74.418290515773,6.0,4.929643890676983,59.772254270160715,-14.64603624561228,57.9241028188387,-16.494187696934297,20,10,stable,NO_GAP,,1.0,high,0.0,11.050000000000018,improving
S034,10B,GEO,64.43981137949147,3.0,1.6819301082057183,59.772254270160715,-4.667557109330758,65.13284271247463,0.6930313329831534,20,10,stable,NO_GAP,,1.0,high,0.0,-3.8999999999999897,stable
S034,10B,TRIG,62.465912142404754,3.0,1.8384776310850237,60.75920388870408,-1.7067082537006755,57.91731443787339,-4.5485977045313675,20,10,stable,NO_GAP,,1.0,high,0.0,4.371428571428563,stable
S035,10B,ALG,71.80811973726556,4.0,7.679192665899197,75.74835644833468,3.9402367110691188,63.89006792033641,-7.918051816929143,20,10,stable,NO_GAP,,1.0,high,0.0,-19.371428571428556,declining
S035,10B,DERIV,43.24345867095155,2.0,3.1000000000000014,75.74835644833468,32.50489777738313,47.185074005286985,3.941615334335438,20,10,stable,CLASS_WIDE,,0.6666666666666666,medium,0.0,-6.200000000000022,insufficient_data
S035,10B,FUNC,78.75671498099301,6.0,6.71153650233851,72.27405882647095,-6.482656154522061,57.9241028188387,-20.832612162154312,20,10,stable,NO_GAP,,1.0,high,0.0,-12.749999999999988,declining
S035,10B,GEO,84.249356822442,3.0,6.578753681359412,72.27405882647095,-11.975297995971047,65.13284271247463,-19.11651410996737,20,10,stable,NO_GAP,,1.0,high,0.0,-2.3999999999999533,stable
S035,10B,TRIG,72.73999791567634,3.0,2.295406040091573,75.28241735912928,2.5424194434529426,57.91731443787339,-14.822683477802954,20,10,stable,NO_GAP,,1.0,high,0.0,1.521428571428567,stable
S036,10B,ALG,67.36884416781068,4.0,5.962801355067931,51.47025114210736,-15.89859302570332,63.89006792033641,-3.478776247474265,20,10,stable,NO_GAP,,1.0,high,0.0,5.485714285714309,stable
S036,10B,DERIV,51.13994667219554,2.0,4.0,55.57004538158564,4.430098709390101,47.185074005286985,-3.9548726669085568,20,10,stable,NO_GAP,,0.6666666666666666,medium,0.0,-8.000000000000032,insufficient_data
S036,10B,FUNC,51.80055561201918,6.0,7.093991980699034,55.23974091167382,3.439185299654639,57.9241028188387,6.1235472068195165,20,10,stable,NO_GAP,,1.0,high,0.0,-11.62499999999998,declining
S036,10B,GEO,59.3395351511521,3.0,5.906493601678295,51.47025114210736,-7.8692840090447405,65.13284271247463,5.793307561322528,20,10,stable,NO_GAP,,1.0,high,0.0,14.199999999999996,improving
S037,10B,ALG,55.23007420277337,4.0,4.982971001320397,53.17109876287087,-2.058975439902504,63.89006792033641,8.65999371756304,20,10,stable,NO_GAP,,1.0,high,0.0,-3.5999999999999996,stable
S037,10B,FUNC,50.89840717381901,6.0,3.4578413304642357,55.336932277348055,4.438525103529045,57.9241028188387,7.025695645019688,20,10,stable,NO_GAP,,1.0,high,0.0,-0.6999999999999867,stable
S037,10B,GEO,61.62481652539068,3.0,11.30673349036857,53.064240688296195,-8.560575837094483,65.13284271247463,3.5080261870839493,20,10,stable,NO_GAP,,1.0,high,0.0,23.200000000000014,improving
S037,10B,TRIG,55.44379035192273,3.0,2.245489305746572,53.064240688296195,-2.379549663626534,57.91731443787339,2.4735240859506575,20,10,stable,NO_GAP,,1.0,high,0.0,-5.314285714285724,stable
S038,10B,ALG,74.83060243669439,4.0,6.890346507977666,44.54291196011869,-30.287690476575705,63.89006792033641,-10.940534516357978,20,10,stable,NO_GAP,,1.0,high,0.0,11.471428571428579,improving
S038,10B,GEO,55.4170428700009,3.0,4.563867755411949,44.54291196011869,-10.874130909882211,65.13284271247463,9.715799842473729,20,10,stable,NO_GAP,,1.0,high,0.0,-2.8999999999999773,stable
S038,10B,TRIG,52.62383991857871,3.0,3.092284304882433,45.93951343582978,-6.684326482748929,57.91731443787339,5.293474519294676,20,10,stable,NO_GAP,,1.0,high,0.0,-4.221428571428568,stable
S039,10B,ALG,61.73802540523309,4.0,3.0605350839354855,50.9386713966706,-10.799354008562489,63.89006792033641,2.152042515103325,20,10,stable,NO_GAP,,1.0,high,0.0,-1.328571428571413,stable
S039,10B,DERIV,41.32203732946313,2.0,2.799999999999997,61.14666543455559,19.824628105092458,47.185074005286985,5.863036675823857,20,10,stable,CLASS_WIDE,,0.6666666666666666,medium,0.0,5.600000000000006,insufficient_data
S039,10B,GEO,76.4879488710515,3.0,3.5565276448931065,50.9386713966706,-25.5492774743809,65.13284271247463,-11.355106158576874,20,10,stable,NO_GAP,,1.0,high,0.0,2.2000000000000286,stable
S039,10B,TRIG,60.55530546387808,3.0,6.093347921207923,51.53003136734811,-9.02527409652997,57.91731443787339,-2.6379910260046913,20,10,stable,NO_GAP,,1.0,high,0.0,6.342857142857133,stable
S040,10B,ALG,79.83977864180204,4.0,4.901721636323304,75.29845354643896,-4.541325095363078,63.89006792033641,-15.949710721465628,20,10,stable,NO_GAP,,1.0,high,0.0,1.9000000000000346,stable
S040,10B,DERIV,50.57348533485377,2.0,1.0999999999999979,78.49804021730785,27.924554882454075,47.185074005286985,-3.388411329566786,20,10,stable,NO_GAP,,0.6666666666666666,medium,0.0,-2.200000000000004,insufficient_data
S040,10B,FUNC,73.4406053000643,6.0,6.904929800914383,78.49804021730785,5.05743491724354,57.9241028188387,-15.516502481225608,20,10,stable,NO_GAP,,1.0,high,0.0,-7.17499999999998,stable
S040,10B,GEO,77.15630179281364,3.0,9.165636305728528,76.64019197093317,-0.5161098218804625,65.13284271247463,-12.02345908033901,20,10,stable,NO_GAP,,1.0,high,0.0,-22.19999999999998,declining
S040,10B,TRIG,80.4408553505669,3.0,2.8592928418676444,75.29845354643896,-5.1424018041279425,57.91731443787339,-22.52354091269352,20,10,stable,NO_GAP,,1.0,high,0.0,-1.7785714285714453,stable
S041,10C,ALG,74.64072165325723,4.0,9.104222921260222,72.26349809173908,-2.37722356151815,60.37707531222216,-14.26364634103507,20,10,stable,NO_GAP,,1.0,high,0.0,14.29714285714284,improving
S041,10C,FUNC,68.68821283345291,4.0,5.794124178855676,74.38113995332112,5.692927119868216,62.42732758070193,-6.260885252750981,20,10,stable,NO_GAP,,1.0,high,0.0,0.3494505494505771,stable
S041,10C,GEO,74.38113995332112,4.0,4.894576079702921,72.26349809173908,-2.117641861582044,62.84697253287688,-11.534167420444241,20,10,stable,NO_GAP,,1.0,high,0.0,-4.531578947368445,stable
S041,10C,TRIG,72.26349809173908,2.0,6.300000000000004,74.38113995332112,2.117641861582044,61.19663679117495,-11.066861300564128,20,10,stable,NO_GAP,,0.6666666666666666,medium,0.0,12.599999999999998,insufficient_data
S042,10C,ALG,75.16728976916743,4.0,4.26438741204408,77.66749865723168,2.5002088880642503,60.37707531222216,-14.790214456945264,20,10,stable,NO_GAP,,1.0,high,0.0,-0.22857142857145213,stable
S042,10C,FUNC,74.93105052892366,4.0,6.850319335622245,77.66749865723168,2.7364481283080124,62.42732758070193,-12.503722948221736,20,10,stable,NO_GAP,,1.0,high,0.0,-14.116483516483495,declining
S042,10C,GEO,77.66749865723168,4.0,3.7791368062032373,75.16728976916743,-2.5002088880642503,62.84697253287688,-14.820526124354792,20,10,stable,NO_GAP,,1.0,high,0.0,8.78421052631581,stable
S042,10C,TRIG,79.97596414940993,2.0,0.45000000000000284,75.16728976916743,-4.808674380242508,61.19663679117495,-18.77932735823498,20,10,stable,NO_GAP,,0.6666666666666666,medium,0.0,0.9000000000000069,insufficient_data
S043,10C,ALG,81.21019541957082,4.0,3.9638207578042697,83.17869951635285,1.968504096782027,60.37707531222216,-20.833120107348662,20,10,stable,NO_GAP,,1.0,high,0.0,-4.674285714285741,stable
S043,10C,FUNC,83.17869951635285,4.0,9.730461191536605,81.21019541957082,-1.968504096782027,62.42732758070193,-20.751371935650923,20,10,stable,NO_GAP,,1.0,high,0.0,0.468131868131902,stable
S043,10C,GEO,88.69052682262686,4.0,3.567211796347393,81.21019541957082,-7.4803314030560415,62.84697253287688,-25.84355428974998,20,10,stable,NO_GAP,,1.0,high,0.0,5.536842105263168,stable
S043,10C,TRIG,68.19231697567977,2.0,1.6000000000000014,83.17869951635285,14.986382540673077,61.19663679117495,-6.99568018450482,20,10,stable,NO_GAP,,0.6666666666666666,medium,0.0,3.199999999999993,insufficient_data
S044,10C,ALG,58.48746470632311,3.0,3.278210894171795,64.4642387724861,5.976774066162989,60.37707531222216,1.8896106058990512,20,10,stable,NO_GAP,,1.0,high,0.0,-3.04615384615383,stable
S044,10C,FUNC,65.38479636104326,3.0,2.522344588319019,60.979790576090444,-4.405005784952813,62.42732758070193,-2.9574687803413298,20,10,stable,NO_GAP,,1.0,high,0.0,-5.7846153846153765,stable
S044,10C,GEO,64.4642387724861,3.0,1.1145502331533672,60.979790576090444,-3.484448196395654,62.84697253287688,-1.617266239609215,20,10,stable,NO_GAP,,1.0,high,0.0,0.8336065573770577,stable
S044,10C,TRIG,60.979790576090444,2.0,2.9499999999999957,64.4642387724861,3.484448196395654,61.19663679117495,0.21684621508450874,20,10,stable,NO_GAP,,0.6666666666666666,medium,0.0,-5.899999999999998,insufficient_data
S045,10C,ALG,52.78875502595906,4.0,2.564541869418396,44.05190591496041,-8.736849110998655,60.37707531222216,7.588320286263098,20,10,stable,NO_GAP,,1.0,high,0.0,-2.5257142857143053,stable
S045,10C,FUNC,44.05190591496041,4.0,4.036396908134781,48.828849054899926,4.776943139939519,62.42732758070193,18.37542166574152,20,10,stable,BROAD_DIFFICULTY,,1.0,high,0.0,-8.347252747252734,stable
S045,10C,GEO,42.144649214795244,4.0,3.5393325641990745,48.828849054899926,6.684199840104682,62.84697253287688,20.70232331808164,20,10,stable,BROAD_DIFFICULTY,,1.0,high,0.0,-7.447368421052625,stable
S045,10C,TRIG,48.828849054899926,2.0,0.5,44.05190591496041,-4.776943139939519,61.19663679117495,12.367787736275027,20,10,stable,BROAD_DIFFICULTY,,0.6666666666666666,medium,0.0,0.9999999999999842,insufficient_data
S046,10C,ALG,56.76428601898908,4.0,3.756993478833839,58.370146508692116,1.6058604897030335,60.37707531222216,3.612789293233078,20,10,stable,NO_GAP,,1.0,high,0.0,-2.28571428571431,stable
S046,10C,FUNC,50.355017735371696,4.0,3.1538666744172947,58.370146508692116,8.01512877332042,62.42732758070193,12.072309845330231,20,10,stable,NO_GAP,,1.0,high,0.0,7.826373626373639,stable
S046,10C,GEO,58.370146508692116,4.0,5.386731383687142,56.76428601898908,-1.6058604897030335,62.84697253287688,4.476826024184767,20,10,stable,NO_GAP,,1.0,high,0.0,3.1842105263157983,stable
S046,10C,TRIG,59.2211660305797,2.0,2.1000000000000014,56.76428601898908,-2.45688001159062,61.19663679117495,1.9754707605952504,20,10,stable,NO_GAP,,0.6666666666666666,medium,0.0,4.1999999999999895,insufficient_data
S047,10C,ALG,73.88004390055431,4.0,6.961501274868804,70.93160604860871,-2.9484378519455987,60.37707531222216,-13.502968588332152,20,10,stable,NO_GAP,,1.0,high,0.0,-13.051428571428602,declining
S047,10C,FUNC,70.93160604860871,4.0,1.0295630140986995,73.54612831688065,2.6145222682719407,62.42732758070193,-8.504278467906786,20,10,stable,NO_GAP,,1.0,high,0.0,0.31648351648352835,stable
S047,10C,GEO,56.16156882214331,4.0,3.6100554012369384,73.54612831688065,17.384559494737346,62.84697253287688,6.685403710733574,20,10,stable,NO_GAP,,1.0,high,0.0,-0.15789473684210517,stable
S047,10C,TRIG,73.54612831688065,2.0,4.399999999999999,70.93160604860871,-2.6145222682719407,61.19663679117495,-12.349491525705702,20,10,stable,NO_GAP,,0.6666666666666666,medium,0.0,-8.799999999999994,insufficient_data
S048,10C,ALG,45.704922784040384,4.0,4.241683038606255,51.787234472863965,6.08231168882358,60.37707531222216,14.672152528181776,20,10,stable,BROAD_DIFFICULTY,,1.0,high,0.0,2.479999999999984,stable
S048,10C,FUNC,51.787234472863965,4.0,6.571339285107717,48.71246605767087,-3.074768415193091,62.42732758070193,10.640093107837963,20,10,stable,NO_GAP,,1.0,high,0.0,-7.925274725274716,stable
S048,10C,GEO,67.07755168830136,4.0,7.256204241888454,48.71246605767087,-18.36508563063048,62.84697253287688,-4.230579155424472,20,10,stable,NO_GAP,,1.0,high,0.0,8.157894736842092,stable
S048,10C,TRIG,48.71246605767087,2.0,5.849999999999998,51.787234472863965,3.074768415193091,61.19663679117495,12.48417073350408,20,10,stable,BROAD_DIFFICULTY,,0.6666666666666666,medium,0.0,-11.699999999999994,insufficient_data
S049,10C,ALG,52.86539559848526,4.0,3.423722389446903,55.97661090177953,3.111215303294273,60.37707531222216,7.511679713736903,20,10,stable,NO_GAP,,1.0,high,0.0,-4.102857142857141,stable
S049,10C,FUNC,55.97661090177953,4.0,5.980959371204592,52.86539559848526,-3.111215303294273,62.42732758070193,6.450716678922397,20,10,stable,NO_GAP,,1.0,high,0.0,-3.580219780219761,stable
S049,10C,GEO,47.162770371986376,4.0,2.9490464560599934,55.97661090177953,8.813840529793154,62.84697253287688,15.684202160890507,20,10,stable,WATCH,,1.0,high,0.0,-7.921052631578947,stable
S049,10C,TRIG,58.160567929810234,2.0,1.5499999999999972,52.86539559848526,-5.295172331324977,61.19663679117495,3.0360688613647184,20,10,stable,NO_GAP,,0.6666666666666666,medium,0.0,-3.099999999999991,insufficient_data
S050,10C,ALG,58.285726412600845,4.0,3.358850249713434,54.667264176501114,-3.618462236099731,60.37707531222216,2.091348899621316,20,10,stable,NO_GAP,,1.0,high,0.0,2.159999999999979,stable
S050,10C,FUNC,54.88407738289962,4.0,2.6385365261826474,54.667264176501114,-0.21681320639850554,62.42732758070193,7.543250197802308,20,10,stable,NO_GAP,,1.0,high,0.0,-5.149450549450515,stable
S050,10C,GEO,49.16236534650616,4.0,6.606247043518733,54.88407738289962,5.721712036393463,62.84697253287688,13.684607186370727,20,10,stable,WATCH,,1.0,high,0.0,16.60000000000001,improving
S050,10C,TRIG,54.667264176501114,2.0,7.5,54.88407738289962,0.21681320639850554,61.19663679117495,6.529372614673839,20,10,stable,NO_GAP,,0.6666666666666666,medium,0.0,-14.999999999999991,insufficient_data
S051,10C,ALG,60.4427607371714,4.0,2.0279299790673257,61.41348300625946,0.9707222690880641,60.37707531222216,-0.0656854249492369,20,10,stable,NO_GAP,,1.0,high,0.0,-0.9371428571428582,stable
S051,10C,FUNC,73.40691435992673,4.0,1.58015030930605,61.22970629326767,-12.177208066659063,62.42732758070193,-10.979586779224803,20,10,stable,NO_GAP,,1.0,high,0.0,2.432967032967054,stable
S051,10C,GEO,61.22970629326767,4.0,6.434283176858167,61.41348300625946,0.18377671299179354,62.84697253287688,1.617266239609215,20,10,stable,NO_GAP,,1.0,high,0.0,-10.063157894736836,declining
S051,10C,TRIG,61.41348300625946,2.0,3.700000000000003,61.22970629326767,-0.18377671299179354,61.19663679117495,-0.21684621508450874,20,10,stable,NO_GAP,,0.6666666666666666,medium,0.0,7.399999999999992,insufficient_data
S052,10C,ALG,43.14185609593328,4.0,6.137741848595458,49.0092571049768,5.867401009043519,60.37707531222216,17.235219216288883,20,10,stable,BROAD_DIFFICULTY,,1.0,high,0.0,-7.600000000000007,stable
S052,10C,FUNC,34.674044886343886,4.0,3.6448593937215192,49.0092571049768,14.335212218632911,62.42732758070193,27.75328269435804,20,10,stable,BROAD_DIFFICULTY,,1.0,high,0.0,2.1362637362637344,stable
S052,10C,GEO,49.0092571049768,4.0,5.649114974931914,43.14185609593328,-5.867401009043519,62.84697253287688,13.837715427900086,20,10,stable,BROAD_DIFFICULTY,,1.0,high,0.0,9.547368421052647,stable
S052,10C,TRIG,52.339401899230545,2.0,3.650000000000002,43.14185609593328,-9.197545803297267,61.19663679117495,8.857234891944408,20,10,stable,NO_GAP,,0.6666666666666666,medium,0.0,-7.3000000000000105,insufficient_data
S053,10C,ALG,84.81744711398936,4.0,3.8791107228332637,87.3426916260844,2.5252445120950426,60.37707531222216,-24.4403718017672,20,10,stable,NO_GAP,,1.0,high,0.0,-0.8000000000000427,stable
S053,10C,FUNC,87.3426916260844,4.0,1.7592612085759136,85.89901322237064,-1.4436784037137613,62.42732758070193,-24.915364045382475,20,10,stable,NO_GAP,,1.0,high,0.0,4.1406593406593615,stable
S053,10C,GEO,91.61876130259053,4.0,4.5334175850014065,85.89901322237064,-5.719748080219887,62.84697253287688,-28.771788769713645,20,10,stable,NO_GAP,,1.0,high,0.0,-5.963157894736851,stable
S053,10C,TRIG,85.89901322237064,2.0,4.350000000000001,87.3426916260844,1.4436784037137613,61.19663679117495,-24.702376431195688,20,10,stable,NO_GAP,,0.6666666666666666,medium,0.0,-8.700000000000012,insufficient_data
S054,10C,ALG,72.27896948290434,4.0,2.1052018905558696,59.62475924215751,-12.654210240746835,60.37707531222216,-11.901894170682183,20,10,stable,NO_GAP,,1.0,high,0.0,-1.0857142857143143,stable
S054,10C,FUNC,59.62475924215751,4.0,7.380506418939016,63.38750377136991,3.762744529212398,62.42732758070193,2.8025683385444182,20,10,stable,NO_GAP,,1.0,high,0.0,-12.837362637362608,declining
S054,10C,GEO,58.649653130903,4.0,4.487412951801962,63.38750377136991,4.73785064046691,62.84697253287688,4.1973194019738855,20,10,stable,NO_GAP,,1.0,high,0.0,9.868421052631602,stable
S054,10C,TRIG,63.38750377136991,2.0,0.6499999999999986,59.62475924215751,-3.762744529212398,61.19663679117495,-2.1908669801949543,20,10,stable,NO_GAP,,0.6666666666666666,medium,0.0,1.300000000000002,insufficient_data
S055,10C,ALG,60.31138988727292,4.0,4.090461465409494,56.79851915658424,-3.5128707306886753,60.37707531222216,0.06568542494924401,20,10,stable,NO_GAP,,1.0,high,0.0,7.14285714285712,stable
S055,10C,FUNC,56.79851915658424,4.0,7.774115705339095,60.31138988727292,3.5128707306886753,62.42732758070193,5.628808424117686,20,10,stable,NO_GAP,,1.0,high,0.0,3.4747252747252766,stable
S055,10C,GEO,52.718541329266095,4.0,2.1370248009791544,60.31138988727292,7.592848558006821,62.84697253287688,10.128431203610788,20,10,stable,NO_GAP,,1.0,high,0.0,5.510526315789484,stable
S055,10C,TRIG,80.96343774982061,2.0,4.100000000000001,56.79851915658424,-24.164918593236372,61.19663679117495,-19.76680095864566,20,10,stable,NO_GAP,,0.6666666666666666,medium,0.0,-8.2,insufficient_data
S056,10C,ALG,73.58508673464682,4.0,3.352890543993343,71.78565089994812,-1.7994358346986985,60.37707531222216,-13.208011422424661,20,10,stable,NO_GAP,,1.0,high,0.0,-4.194285714285755,stable
S056,10C,FUNC,69.8474372487492,4.0,2.5303161857760013,73.58508673464682,3.73764948589762,62.42732758070193,-7.4201096680472745,20,10,stable,NO_GAP,,1.0,high,0.0,3.415384615384644,stable
S056,10C,GEO,75.15186823930077,4.0,4.439805738993543,71.78565089994812,-3.3662173393526444,62.84697253287688,-12.304895706423885,20,10,stable,NO_GAP,,1.0,high,0.0,-1.4999999999999876,stable
S056,10C,TRIG,71.78565089994812,2.0,12.75,73.58508673464682,1.7994358346986985,61.19663679117495,-10.58901410877317,20,10,stable,NO_GAP,,0.6666666666666666,medium,0.0,25.499999999999986,insufficient_data
S057,10C,ALG,64.09493230272761,4.0,3.8179673911650944,60.77979057609044,-3.3151417266371723,60.37707531222216,-3.717856990505453,20,10,stable,NO_GAP,,1.0,high,0.0,5.817142857142831,stable
S057,10C,FUNC,64.08368812018946,4.0,4.135214625627066,60.77979057609044,-3.303897544099023,62.42732758070193,-1.6563605394875367,20,10,stable,NO_GAP,,1.0,high,0.0,-4.16703296703294,stable
S057,10C,GEO,53.91091434014777,4.0,4.49165893629514,64.08368812018946,10.172773780041695,62.84697253287688,8.936058192729114,20,10,stable,NO_GAP,,1.0,high,0.0,6.800000000000001,stable
S057,10C,TRIG,60.77979057609044,2.0,2.9499999999999993,64.08368812018946,3.303897544099023,61.19663679117495,0.4168462150845116,20,10,stable,NO_GAP,,0.6666666666666666,medium,0.0,-5.900000000000003,insufficient_data
S058,10C,ALG,60.231720701388504,4.0,3.0898017735770686,57.80003017095924,-2.4316905304292646,60.37707531222216,0.14535461083365675,20,10,stable,NO_GAP,,1.0,high,0.0,-5.885714285714313,stable
S058,10C,FUNC,54.60618899983904,4.0,7.30902695302186,60.231720701388504,5.625531701549463,62.42732758070193,7.821138580862886,20,10,stable,NO_GAP,,1.0,high,0.0,-4.67472527472524,stable
S058,10C,GEO,66.60465027752633,4.0,5.950840276801253,57.80003017095924,-8.804620106567093,62.84697253287688,-3.757677744649449,20,10,stable,NO_GAP,,1.0,high,0.0,-10.599999999999989,declining
S058,10C,TRIG,57.80003017095924,2.0,5.200000000000003,60.231720701388504,2.4316905304292646,61.19663679117495,3.3966066202157137,20,10,stable,NO_GAP,,0.6666666666666666,medium,0.0,10.399999999999997,insufficient_data
S059,10C,ALG,78.30471784578233,4.0,3.6880719895359992,83.26729434746035,4.962576501678015,60.37707531222216,-17.927642533560174,20,10,stable,NO_GAP,,1.0,high,0.0,-3.6228571428571597,stable
S059,10C,FUNC,88.01730593949058,4.0,4.840648200396307,78.30471784578233,-9.712588093708248,62.42732758070193,-25.589978358788656,20,10,stable,NO_GAP,,1.0,high,0.0,-11.742857142857105,declining
S059,10C,GEO,69.30290907515055,4.0,6.782329983125272,83.26729434746035,13.964385272309798,62.84697253287688,-6.455936542273669,20,10,stable,NO_GAP,,1.0,high,0.0,-10.442105263157883,declining
S059,10C,TRIG,83.26729434746035,2.0,2.3000000000000043,78.30471784578233,-4.962576501678015,61.19663679117495,-22.070657556285397,20,10,stable,NO_GAP,,0.6666666666666666,medium,0.0,-4.600000000000015,insufficient_data
S060,10C,ALG,52.85822879227264,4.0,1.204937757728589,60.7709670412144,7.912738248941757,60.37707531222216,7.51884651994952,20,10,stable,NO_GAP,,1.0,high,0.0,2.182857142857114,stable
S060,10C,FUNC,60.7709670412144,4.0,5.890670590009258,57.88654716469977,-2.8844198765146274,62.42732758070193,1.6563605394875296,20,10,stable,NO_GAP,,1.0,high,0.0,-13.239560439560432,declining
S060,10C,GEO,69.10413820142365,4.0,2.6019223662515376,57.88654716469977,-11.217591036723881,62.84697253287688,-6.257165668546769,20,10,stable,NO_GAP,,1.0,high,0.0,5.873684210526331,stable
S060,10C,TRIG,57.88654716469977,2.0,1.5,60.7709670412144,2.8844198765146274,61.19663679117495,3.3100896264751825,20,10,stable,NO_GAP,,0.6666666666666666,medium,0.0,2.9999999999999973,insufficient_data
