student_id,class_id,assessment_id,topic_id,date,score_pct,age_days,recency_weight
S001,10A,10A-01,ALG,2025-09-26,75.0,84,0.25
S001,10A,10A-02,ALG,2025-10-10,77.5,70,0.3149802624737183
S001,10A,10A-02,FUNC,2025-10-10,97.6,70,0.3149802624737183
S001,10A,10A-03,FUNC,2025-10-17,89.6,63,0.3535533905932738
S001,10A,10A-04,ALG,2025-11-07,64.4,42,0.5
S001,10A,10A-04,FUNC,2025-11-07,81.3,42,0.5
S001,10A,10A-04,GEO,2025-11-07,82.2,42,0.5
S001,10A,10A-05,FUNC,2025-11-28,81.8,21,0.7071067811865476
S001,10A,10A-05,GEO,2025-11-28,69.6,21,0.7071067811865476
S001,10A,10A-05,TRIG,2025-11-28,72.1,21,0.7071067811865476
S001,10A,10A-06,DERIV,2025-12-05,69.0,14,0.7937005259840998
S001,10A,10A-06,FUNC,2025-12-05,77.8,14,0.7937005259840998
S001,10A,10A-06,TRIG,2025-12-05,52.7,14,0.7937005259840998
S001,10A,10A-07,ALG,2025-12-19,62.6,0,1.0
S001,10A,10A-07,DERIV,2025-12-19,70.2,0,1.0
S001,10A,10A-07,FUNC,2025-12-19,82.6,0,1.0
S001,10A,10A-07,GEO,2025-12-19,67.2,0,1.0
S001,10A,10A-07,TRIG,2025-12-19,67.5,0,1.0
S002,10A,10A-01,ALG,2025-09-26,63.2,84,0.25
S002,10A,10A-02,ALG,2025-10-10,64.1,70,0.3149802624737183
S002,10A,10A-02,FUNC,2025-10-10,21.5,70,0.3149802624737183
S002,10A,10A-03,FUNC,2025-10-17,30.5,63,0.3535533905932738
S002,10A,10A-04,ALG,2025-11-07,60.4,42,0.5
S002,10A,10A-04,FUNC,2025-11-07,29.3,42,0.5
S002,10A,10A-04,GEO,2025-11-07,62.4,42,0.5
S002,10A,10A-05,FUNC,2025-11-28,50.5,21,0.7071067811865476
S002,10A,10A-05,GEO,2025-11-28,58.0,21,0.7071067811865476
S002,10A,10A-05,TRIG,2025-11-28,57.2,21,0.7071067811865476
S002,10A,10A-06,DERIV,2025-12-05,60.9,14,0.7937005259840998
S002,10A,10A-06,FUNC,2025-12-05,45.7,14,0.7937005259840998
S002,10A,10A-06,TRIG,2025-12-05,49.3,14,0.7937005259840998
S002,10A,10A-07,ALG,2025-12-19,52.5,0,1.0
S002,10A,10A-07,DERIV,2025-12-19,63.8,0,1.0
S002,10A,10A-07,FUNC,2025-12-19,42.4,0,1.0
S002,10A,10A-07,GEO,2025-12-19,67.5,0,1.0
S002,10A,10A-07,TRIG,2025-12-19,56.4,0,1.0
S003,10A,10A-01,ALG,2025-09-26,58.9,84,0.25
S003,10A,10A-02,ALG,2025-10-10,67.7,70,0.3149802624737183
S003,10A,10A-02,FUNC,2025-10-10,59.3,70,0.3149802624737183
S003,10A,10A-03,FUNC,2025-10-17,54.4,63,0.3535533905932738
S003,10A,10A-04,ALG,2025-11-07,66.8,42,0.5
S003,10A,10A-04,FUNC,2025-11-07,59.2,42,0.5
S003,10A,10A-04,GEO,2025-11-07,55.1,42,0.5
S003,10A,10A-05,FUNC,2025-11-28,48.2,21,0.7071067811865476
S003,10A,10A-05,GEO,2025-11-28,56.8,21,0.7071067811865476
S003,10A,10A-05,TRIG,2025-11-28,20.8,21,0.7071067811865476
S003,10A,10A-06,DERIV,2025-12-05,71.0,14,0.7937005259840998
S003,10A,10A-06,FUNC,2025-12-05,56.8,14,0.7937005259840998
S003,10A,10A-06,TRIG,2025-12-05,35.5,14,0.7937005259840998
S003,10A,10A-07,ALG,2025-12-19,65.6,0,1.0
S003,10A,10A-07,DERIV,2025-12-19,59.8,0,1.0
S003,10A,10A-07,FUNC,2025-12-19,62.0,0,1.0
S003,10A,10A-07,GEO,2025-12-19,49.5,0,1.0
S003,10A,10A-07,TRIG,2025-12-19,29.1,0,1.0
S004,10A,10A-01,ALG,2025-09-26,59.9,84,0.25
S004,10A,10A-02,ALG,2025-10-10,60.2,70,0.3149802624737183
S004,10A,10A-02,FUNC,2025-10-10,23.5,70,0.3149802624737183
S004,10A,10A-03,FUNC,2025-10-17,30.6,63,0.3535533905932738
S004,10A,10A-04,ALG,2025-11-07,59.3,42,0.5
S004,10A,10A-04,FUNC,2025-11-07,17.8,42,0.5
S004,10A,10A-04,GEO,2025-11-07,63.1,42,0.5
S004,10A,10A-05,FUNC,2025-11-28,24.3,21,0.7071067811865476
S004,10A,10A-05,GEO,2025-11-28,69.8,21,0.7071067811865476
S004,10A,10A-05,TRIG,2025-11-28,63.6,21,0.7071067811865476
S004,10A,10A-06,DERIV,2025-12-05,64.1,14,0.7937005259840998
S004,10A,10A-06,FUNC,2025-12-05,15.3,14,0.7937005259840998
S004,10A,10A-06,TRIG,2025-12-05,64.2,14,0.7937005259840998
S004,10A,10A-07,ALG,2025-12-19,58.3,0,1.0
S004,10A,10A-07,DERIV,2025-12-19,60.9,0,1.0
S004,10A,10A-07,FUNC,2025-12-19,25.6,0,1.0
S004,10A,10A-07,GEO,2025-12-19,50.0,0,1.0
S004,10A,10A-07,TRIG,2025-12-19,73.9,0,1.0
S005,10A,10A-01,ALG,2025-09-26,71.7,84,0.25
S005,10A,10A-02,ALG,2025-10-10,73.3,70,0.3149802624737183
S005,10A,10A-02,FUNC,2025-10-10,37.5,70,0.3149802624737183
S005,10A,10A-03,FUNC,2025-10-17,19.8,63,0.3535533905932738
S005,10A,10A-04,ALG,2025-11-07,73.1,42,0.5
S005,10A,10A-04,FUNC,2025-11-07,30.0,42,0.5
S005,10A,10A-04,GEO,2025-11-07,73.0,42,0.5
S005,10A,10A-05,FUNC,2025-11-28,46.8,21,0.7071067811865476
S005,10A,10A-05,GEO,2025-11-28,74.9,21,0.7071067811865476
S005,10A,10A-05,TRIG,2025-11-28,78.8,21,0.7071067811865476
S005,10A,10A-06,DERIV,2025-12-05,71.5,14,0.7937005259840998
S005,10A,10A-06,FUNC,2025-12-05,37.0,14,0.7937005259840998
S005,10A,10A-06,TRIG,2025-12-05,63.1,14,0.7937005259840998
S005,10A,10A-07,ALG,2025-12-19,68.5,0,1.0
S005,10A,10A-07,DERIV,2025-12-19,65.6,0,1.0
S005,10A,10A-07,FUNC,2025-12-19,51.6,0,1.0
S005,10A,10A-07,GEO,2025-12-19,68.9,0,1.0
S005,10A,10A-07,TRIG,2025-12-19,56.9,0,1.0
S006,10A,10A-01,ALG,2025-09-26,50.7,84,0.25
S006,10A,10A-02,ALG,2025-10-10,36.5,70,0.3149802624737183
S006,10A,10A-02,FUNC,2025-10-10,42.1,70,0.3149802624737183
S006,10A,10A-03,FUNC,2025-10-17,38.7,63,0.3535533905932738
S006,10A,10A-04,ALG,2025-11-07,45.5,42,0.5
S006,10A,10A-04,FUNC,2025-11-07,46.2,42,0.5
S006,10A,10A-04,GEO,2025-11-07,30.2,42,0.5
S006,10A,10A-05,FUNC,2025-11-28,44.6,21,0.7071067811865476
S006,10A,10A-05,GEO,2025-11-28,28.0,21,0.7071067811865476
S006,10A,10A-05,TRIG,2025-11-28,65.5,21,0.7071067811865476
S006,10A,10A-06,DERIV,2025-12-05,39.8,14,0.7937005259840998
S006,10A,10A-06,FUNC,2025-12-05,44.6,14,0.7937005259840998
S006,10A,10A-06,TRIG,2025-12-05,56.5,14,0.7937005259840998
S006,10A,10A-07,ALG,2025-12-19,38.1,0,1.0
S006,10A,10A-07,DERIV,2025-12-19,38.3,0,1.0
S006,10A,10A-07,FUNC,2025-12-19,48.2,0,1.0
S006,10A,10A-07,GEO,2025-12-19,41.8,0,1.0
S006,10A,10A-07,TRIG,2025-12-19,54.2,0,1.0
S007,10A,10A-01,ALG,2025-09-26,86.8,84,0.25
S007,10A,10A-02,ALG,2025-10-10,70.2,70,0.3149802624737183
S007,10A,10A-02,FUNC,2025-10-10,88.3,70,0.3149802624737183
S007,10A,10A-03,FUNC,2025-10-17,90.4,63,0.3535533905932738
S007,10A,10A-04,ALG,2025-11-07,68.5,42,0.5
S007,10A,10A-04,FUNC,2025-11-07,77.2,42,0.5
S007,10A,10A-04,GEO,2025-11-07,54.4,42,0.5
S007,10A,10A-05,FUNC,2025-11-28,88.1,21,0.7071067811865476
S007,10A,10A-05,GEO,2025-11-28,52.2,21,0.7071067811865476
S007,10A,10A-05,TRIG,2025-11-28,34.6,21,0.7071067811865476
S007,10A,10A-06,DERIV,2025-12-05,69.2,14,0.7937005259840998
S007,10A,10A-06,FUNC,2025-12-05,74.7,14,0.7937005259840998
S007,10A,10A-06,TRIG,2025-12-05,38.7,14,0.7937005259840998
S007,10A,10A-07,ALG,2025-12-19,69.9,0,1.0
S007,10A,10A-07,DERIV,2025-12-19,78.8,0,1.0
S007,10A,10A-07,FUNC,2025-12-19,82.4,0,1.0
S007,10A,10A-07,GEO,2025-12-19,52.0,0,1.0
S007,10A,10A-07,TRIG,2025-12-19,23.6,0,1.0
S008,10A,10A-01,ALG,2025-09-26,63.2,84,0.25
S008,10A,10A-02,ALG,2025-10-10,64.3,70,0.3149802624737183
S008,10A,10A-02,FUNC,2025-10-10,60.2,70,0.3149802624737183
S008,10A,10A-03,FUNC,2025-10-17,69.7,63,0.3535533905932738
S008,10A,10A-04,ALG,2025-11-07,53.7,42,0.5
S008,10A,10A-04,FUNC,2025-11-07,62.5,42,0.5
S008,10A,10A-04,GEO,2025-11-07,66.8,42,0.5
S008,10A,10A-05,FUNC,2025-11-28,72.2,21,0.7071067811865476
S008,10A,10A-05,GEO,2025-11-28,78.9,21,0.7071067811865476
S008,10A,10A-05,TRIG,2025-11-28,67.8,21,0.7071067811865476
S008,10A,10A-06,DERIV,2025-12-05,56.5,14,0.7937005259840998
S008,10A,10A-06,FUNC,2025-12-05,62.7,14,0.7937005259840998
S008,10A,10A-06,TRIG,2025-12-05,81.1,14,0.7937005259840998
S008,10A,10A-07,ALG,2025-12-19,82.4,0,1.0
S008,10A,10A-07,DERIV,2025-12-19,76.8,0,1.0
S008,10A,10A-07,FUNC,2025-12-19,67.4,0,1.0
S008,10A,10A-07,GEO,2025-12-19,81.2,0,1.0
S008,10A,10A-07,TRIG,2025-12-19,67.8,0,1.0
S009,10A,10A-01,ALG,2025-09-26,83.9,84,0.25
S009,10A,10A-02,ALG,2025-10-10,76.9,70,0.3149802624737183
S009,10A,10A-02,FUNC,2025-10-10,25.0,70,0.3149802624737183
S009,10A,10A-03,FUNC,2025-10-17,32.6,63,0.3535533905932738
S009,10A,10A-04,ALG,2025-11-07,64.4,42,0.5
S009,10A,10A-04,FUNC,2025-11-07,33.3,42,0.5
S009,10A,10A-04,GEO,2025-11-07,63.9,42,0.5
S009,10A,10A-05,FUNC,2025-11-28,25.3,21,0.7071067811865476
S009,10A,10A-05,GEO,2025-11-28,56.6,21,0.7071067811865476
S009,10A,10A-05,TRIG,2025-11-28,65.3,21,0.7071067811865476
S009,10A,10A-06,DERIV,2025-12-05,70.1,14,0.7937005259840998
S009,10A,10A-06,FUNC,2025-12-05,38.1,14,0.7937005259840998
S009,10A,10A-06,TRIG,2025-12-05,50.0,14,0.7937005259840998
S009,10A,10A-07,ALG,2025-12-19,76.2,0,1.0
S009,10A,10A-07,DERIV,2025-12-19,66.2,0,1.0
S009,10A,10A-07,FUNC,2025-12-19,21.5,0,1.0
S009,10A,10A-07,GEO,2025-12-19,59.2,0,1.0
S009,10A,10A-07,TRIG,2025-12-19,58.9,0,1.0
S010,10A,10A-01,ALG,2025-09-26,61.9,84,0.25
S010,10A,10A-02,ALG,2025-10-10,50.3,70,0.3149802624737183
S010,10A,10A-02,FUNC,2025-10-10,62.3,70,0.3149802624737183
S010,10A,10A-03,FUNC,2025-10-17,53.6,63,0.3535533905932738
S010,10A,10A-04,ALG,2025-11-07,60.5,42,0.5
S010,10A,10A-04,FUNC,2025-11-07,60.6,42,0.5
S010,10A,10A-04,GEO,2025-11-07,59.7,42,0.5
S010,10A,10A-05,FUNC,2025-11-28,66.0,21,0.7071067811865476
S010,10A,10A-05,GEO,2025-11-28,74.6,21,0.7071067811865476
S010,10A,10A-05,TRIG,2025-11-28,71.0,21,0.7071067811865476
S010,10A,10A-07,ALG,2025-12-19,56.1,0,1.0
S010,10A,10A-07,DERIV,2025-12-19,32.9,0,1.0
S010,10A,10A-07,FUNC,2025-12-19,63.1,0,1.0
S010,10A,10A-07,GEO,2025-12-19,62.1,0,1.0
S010,10A,10A-07,TRIG,2025-12-19,68.6,0,1.0
S011,10A,10A-01,ALG,2025-09-26,74.1,84,0.25
S011,10A,10A-02,ALG,2025-10-10,66.0,70,0.3149802624737183
S011,10A,10A-02,FUNC,2025-10-10,61.3,70,0.3149802624737183
S011,10A,10A-03,FUNC,2025-10-17,60.8,63,0.3535533905932738
S011,10A,10A-04,ALG,2025-11-07,60.5,42,0.5
S011,10A,10A-04,FUNC,2025-11-07,57.5,42,0.5
S011,10A,10A-04,GEO,2025-11-07,73.1,42,0.5
S011,10A,10A-05,FUNC,2025-11-28,74.8,21,0.7071067811865476
S011,10A,10A-05,GEO,2025-11-28,63.6,21,0.7071067811865476
S011,10A,10A-05,TRIG,2025-11-28,23.2,21,0.7071067811865476
S011,10A,10A-06,DERIV,2025-12-05,78.1,14,0.7937005259840998
S011,10A,10A-06,FUNC,2025-12-05,64.2,14,0.7937005259840998
S011,10A,10A-06,TRIG,2025-12-05,27.6,14,0.7937005259840998
S011,10A,10A-07,ALG,2025-12-19,78.1,0,1.0
S011,10A,10A-07,DERIV,2025-12-19,76.2,0,1.0
S011,10A,10A-07,FUNC,2025-12-19,53.7,0,1.0
S011,10A,10A-07,GEO,2025-12-19,67.8,0,1.0
S011,10A,10A-07,TRIG,2025-12-19,34.2,0,1.0
S012,10A,10A-01,ALG,2025-09-26,63.9,84,0.25
S012,10A,10A-02,ALG,2025-10-10,65.0,70,0.3149802624737183
S012,10A,10A-02,FUNC,2025-10-10,24.7,70,0.3149802624737183
S012,10A,10A-03,FUNC,2025-10-17,27.9,63,0.3535533905932738
S012,10A,10A-04,ALG,2025-11-07,69.5,42,0.5
S012,10A,10A-04,FUNC,2025-11-07,28.5,42,0.5
S012,10A,10A-04,GEO,2025-11-07,63.6,42,0.5
S012,10A,10A-05,FUNC,2025-11-28,31.4,21,0.7071067811865476
S012,10A,10A-05,GEO,2025-11-28,68.8,21,0.7071067811865476
S012,10A,10A-05,TRIG,2025-11-28,56.0,21,0.7071067811865476
S012,10A,10A-06,DERIV,2025-12-05,63.7,14,0.7937005259840998
S012,10A,10A-06,FUNC,2025-12-05,37.8,14,0.7937005259840998
S012,10A,10A-06,TRIG,2025-12-05,56.5,14,0.7937005259840998
S012,10A,10A-07,ALG,2025-12-19,64.4,0,1.0
S012,10A,10A-07,DERIV,2025-12-19,57.0,0,1.0
S012,10A,10A-07,FUNC,2025-12-19,31.6,0,1.0
S012,10A,10A-07,GEO,2025-12-19,62.9,0,1.0
S012,10A,10A-07,TRIG,2025-12-19,64.9,0,1.0
S013,10A,10A-01,ALG,2025-09-26,50.7,84,0.25
S013,10A,10A-02,ALG,2025-10-10,55.8,70,0.3149802624737183
S013,10A,10A-02,FUNC,2025-10-10,47.4,70,0.3149802624737183
S013,10A,10A-03,FUNC,2025-10-17,62.3,63,0.3535533905932738
S013,10A,10A-04,ALG,2025-11-07,59.9,42,0.5
S013,10A,10A-04,FUNC,2025-11-07,51.1,42,0.5
S013,10A,10A-04,GEO,2025-11-07,69.6,42,0.5
S013,10A,10A-05,FUNC,2025-11-28,55.0,21,0.7071067811865476
S013,10A,10A-05,GEO,2025-11-28,60.0,21,0.7071067811865476
S013,10A,10A-05,TRIG,2025-11-28,52.0,21,0.7071067811865476
S013,10A,10A-06,DERIV,2025-12-05,62.4,14,0.7937005259840998
S013,10A,10A-06,FUNC,2025-12-05,58.3,14,0.7937005259840998
S013,10A,10A-06,TRIG,2025-12-05,77.7,14,0.7937005259840998
S013,10A,10A-07,ALG,2025-12-19,68.2,0,1.0
S013,10A,10A-07,DERIV,2025-12-19,81.8,0,1.0
S013,10A,10A-07,FUNC,2025-12-19,68.0,0,1.0
S013,10A,10A-07,GEO,2025-12-19,62.1,0,1.0
S013,10A,10A-07,TRIG,2025-12-19,67.1,0,1.0
S014,10A,10A-01,ALG,2025-09-26,58.2,84,0.25
S014,10A,10A-02,ALG,2025-10-10,57.8,70,0.3149802624737183
S014,10A,10A-02,FUNC,2025-10-10,83.1,70,0.3149802624737183
S014,10A,10A-03,FUNC,2025-10-17,85.5,63,0.3535533905932738
S014,10A,10A-04,ALG,2025-11-07,51.7,42,0.5
S014,10A,10A-04,FUNC,2025-11-07,76.2,42,0.5
S014,10A,10A-04,GEO,2025-11-07,62.0,42,0.5
S014,10A,10A-05,FUNC,2025-11-28,63.2,21,0.7071067811865476
S014,10A,10A-05,GEO,2025-11-28,61.8,21,0.7071067811865476
S014,10A,10A-05,TRIG,2025-11-28,24.3,21,0.7071067811865476
S014,10A,10A-06,DERIV,2025-12-05,78.8,14,0.7937005259840998
S014,10A,10A-06,FUNC,2025-12-05,83.4,14,0.7937005259840998
S014,10A,10A-06,TRIG,2025-12-05,21.4,14,0.7937005259840998
S014,10A,10A-07,ALG,2025-12-19,63.7,0,1.0
S014,10A,10A-07,DERIV,2025-12-19,80.3,0,1.0
S014,10A,10A-07,FUNC,2025-12-19,60.5,0,1.0
S014,10A,10A-07,GEO,2025-12-19,58.8,0,1.0
S014,10A,10A-07,TRIG,2025-12-19,24.2,0,1.0
S015,10A,10A-01,ALG,2025-09-26,70.4,84,0.25
S015,10A,10A-02,ALG,2025-10-10,69.8,70,0.3149802624737183
S015,10A,10A-02,FUNC,2025-10-10,64.8,70,0.3149802624737183
S015,10A,10A-03,FUNC,2025-10-17,62.5,63,0.3535533905932738
S015,10A,10A-05,FUNC,2025-11-28,63.1,21,0.7071067811865476
S015,10A,10A-05,GEO,2025-11-28,61.8,21,0.7071067811865476
S015,10A,10A-05,TRIG,2025-11-28,72.6,21,0.7071067811865476
S015,10A,10A-06,DERIV,2025-12-05,68.8,14,0.7937005259840998
S015,10A,10A-06,FUNC,2025-12-05,63.9,14,0.7937005259840998
S015,10A,10A-06,TRIG,2025-12-05,71.7,14,0.7937005259840998
S015,10A,10A-07,ALG,2025-12-19,62.2,0,1.0
S015,10A,10A-07,DERIV,2025-12-19,69.7,0,1.0
S015,10A,10A-07,FUNC,2025-12-19,63.3,0,1.0
S015,10A,10A-07,GEO,2025-12-19,50.6,0,1.0
S015,10A,10A-07,TRIG,2025-12-19,66.1,0,1.0
S016,10A,10A-01,ALG,2025-09-26,73.3,84,0.25
S016,10A,10A-02,ALG,2025-10-10,63.5,70,0.3149802624737183
S016,10A,10A-02,FUNC,2025-10-10,39.3,70,0.3149802624737183
S016,10A,10A-03,FUNC,2025-10-17,41.9,63,0.3535533905932738
S016,10A,10A-04,ALG,2025-11-07,68.9,42,0.5
S016,10A,10A-04,FUNC,2025-11-07,47.4,42,0.5
S016,10A,10A-04,GEO,2025-11-07,58.6,42,0.5
S016,10A,10A-05,FUNC,2025-11-28,62.5,21,0.7071067811865476
S016,10A,10A-05,GEO,2025-11-28,64.2,21,0.7071067811865476
S016,10A,10A-05,TRIG,2025-11-28,64.9,21,0.7071067811865476
S016,10A,10A-06,DERIV,2025-12-05,59.3,14,0.7937005259840998
S016,10A,10A-06,FUNC,2025-12-05,76.6,14,0.7937005259840998
S016,10A,10A-06,TRIG,2025-12-05,67.0,14,0.7937005259840998
S016,10A,10A-07,ALG,2025-12-19,60.6,0,1.0
S016,10A,10A-07,DERIV,2025-12-19,58.2,0,1.0
S016,10A,10A-07,FUNC,2025-12-19,65.5,0,1.0
S016,10A,10A-07,GEO,2025-12-19,72.3,0,1.0
S016,10A,10A-07,TRIG,2025-12-19,57.6,0,1.0
S017,10A,10A-01,ALG,2025-09-26,79.0,84,0.25
S017,10A,10A-02,ALG,2025-10-10,75.8,70,0.3149802624737183
S017,10A,10A-02,FUNC,2025-10-10,74.0,70,0.3149802624737183
S017,10A,10A-03,FUNC,2025-10-17,86.4,63,0.3535533905932738
S017,10A,10A-04,ALG,2025-11-07,75.8,42,0.5
S017,10A,10A-04,FUNC,2025-11-07,83.9,42,0.5
S017,10A,10A-04,GEO,2025-11-07,90.6,42,0.5
S017,10A,10A-05,FUNC,2025-11-28,72.7,21,0.7071067811865476
S017,10A,10A-05,GEO,2025-11-28,75.4,21,0.7071067811865476
S017,10A,10A-05,TRIG,2025-11-28,77.7,21,0.7071067811865476
S017,10A,10A-06,DERIV,2025-12-05,75.3,14,0.7937005259840998
S017,10A,10A-06,FUNC,2025-12-05,73.1,14,0.7937005259840998
S017,10A,10A-06,TRIG,2025-12-05,82.1,14,0.7937005259840998
S017,10A,10A-07,ALG,2025-12-19,66.1,0,1.0
S017,10A,10A-07,DERIV,2025-12-19,72.2,0,1.0
S017,10A,10A-07,FUNC,2025-12-19,75.5,0,1.0
S017,10A,10A-07,GEO,2025-12-19,66.9,0,1.0
S017,10A,10A-07,TRIG,2025-12-19,70.0,0,1.0
S018,10A,10A-01,ALG,2025-09-26,51.0,84,0.25
S018,10A,10A-02,ALG,2025-10-10,61.1,70,0.3149802624737183
S018,10A,10A-02,FUNC,2025-10-10,27.1,70,0.3149802624737183
S018,10A,10A-03,FUNC,2025-10-17,2.1,63,0.3535533905932738
S018,10A,10A-04,ALG,2025-11-07,50.8,42,0.5
S018,10A,10A-04,FUNC,2025-11-07,28.9,42,0.5
S018,10A,10A-04,GEO,2025-11-07,67.4,42,0.5
S018,10A,10A-05,FUNC,2025-11-28,19.8,21,0.7071067811865476
S018,10A,10A-05,GEO,2025-11-28,59.0,21,0.7071067811865476
S018,10A,10A-05,TRIG,2025-11-28,28.3,21,0.7071067811865476
S018,10A,10A-06,DERIV,2025-12-05,67.4,14,0.7937005259840998
S018,10A,10A-06,FUNC,2025-12-05,28.6,14,0.7937005259840998
S018,10A,10A-06,TRIG,2025-12-05,27.4,14,0.7937005259840998
S018,10A,10A-07,ALG,2025-12-19,68.0,0,1.0
S018,10A,10A-07,DERIV,2025-12-19,64.1,0,1.0
S018,10A,10A-07,FUNC,2025-12-19,30.9,0,1.0
S018,10A,10A-07,GEO,2025-12-19,67.9,0,1.0
S018,10A,10A-07,TRIG,2025-12-19,18.7,0,1.0
S019,10A,10A-01,ALG,2025-09-26,66.9,84,0.25
S019,10A,10A-02,ALG,2025-10-10,63.9,70,0.3149802624737183
S019,10A,10A-02,FUNC,2025-10-10,66.9,70,0.3149802624737183
S019,10A,10A-03,FUNC,2025-10-17,63.4,63,0.3535533905932738
S019,10A,10A-04,ALG,2025-11-07,59.5,42,0.5
S019,10A,10A-04,FUNC,2025-11-07,70.1,42,0.5
S019,10A,10A-04,GEO,2025-11-07,82.6,42,0.5
S019,10A,10A-05,FUNC,2025-11-28,69.2,21,0.7071067811865476
S019,10A,10A-05,GEO,2025-11-28,83.6,21,0.7071067811865476
S019,10A,10A-05,TRIG,2025-11-28,77.7,21,0.7071067811865476
S019,10A,10A-07,ALG,2025-12-19,59.1,0,1.0
S019,10A,10A-07,DERIV,2025-12-19,40.0,0,1.0
S019,10A,10A-07,FUNC,2025-12-19,67.7,0,1.0
S019,10A,10A-07,GEO,2025-12-19,64.3,0,1.0
S019,10A,10A-07,TRIG,2025-12-19,65.2,0,1.0
S020,10A,10A-01,ALG,2025-09-26,52.1,84,0.25
S020,10A,10A-02,ALG,2025-10-10,47.1,70,0.3149802624737183
S020,10A,10A-02,FUNC,2025-10-10,54.0,70,0.3149802624737183
S020,10A,10A-03,FUNC,2025-10-17,55.8,63,0.3535533905932738
S020,10A,10A-04,ALG,2025-11-07,57.6,42,0.5
S020,10A,10A-04,FUNC,2025-11-07,64.6,42,0.5
S020,10A,10A-04,GEO,2025-11-07,68.3,42,0.5
S020,10A,10A-05,FUNC,2025-11-28,58.3,21,0.7071067811865476
S020,10A,10A-05,GEO,2025-11-28,68.5,21,0.7071067811865476
S020,10A,10A-05,TRIG,2025-11-28,58.5,21,0.7071067811865476
S020,10A,10A-06,DERIV,2025-12-05,61.4,14,0.7937005259840998
S020,10A,10A-06,FUNC,2025-12-05,57.2,14,0.7937005259840998
S020,10A,10A-06,TRIG,2025-12-05,55.5,14,0.7937005259840998
S020,10A,10A-07,ALG,2025-12-19,53.5,0,1.0
S020,10A,10A-07,DERIV,2025-12-19,64.9,0,1.0
S020,10A,10A-07,FUNC,2025-12-19,44.2,0,1.0
S020,10A,10A-07,GEO,2025-12-19,61.2,0,1.0
S020,10A,10A-07,TRIG,2025-12-19,69.2,0,1.0
S021,10B,10B-01,ALG,2025-09-26,63.0,84,0.25
S021,10B,10B-02,ALG,2025-10-10,66.0,70,0.3149802624737183
S021,10B,10B-02,FUNC,2025-10-10,70.8,70,0.3149802624737183
S021,10B,10B-03,FUNC,2025-10-17,56.1,63,0.3535533905932738
S021,10B,10B-04,ALG,2025-11-07,56.7,42,0.5
S021,10B,10B-04,FUNC,2025-11-07,52.6,42,0.5
S021,10B,10B-04,GEO,2025-11-07,69.6,42,0.5
S021,10B,10B-05,FUNC,2025-11-28,61.3,21,0.7071067811865476
S021,10B,10B-05,GEO,2025-11-28,67.8,21,0.7071067811865476
S021,10B,10B-05,TRIG,2025-11-28,52.9,21,0.7071067811865476
S021,10B,10B-07,ALG,2025-12-19,64.8,0,1.0
S021,10B,10B-07,DERIV,2025-12-19,41.5,0,1.0
S021,10B,10B-07,FUNC,2025-12-19,76.7,0,1.0
S021,10B,10B-07,GEO,2025-12-19,59.2,0,1.0
S021,10B,10B-07,TRIG,2025-12-19,49.1,0,1.0
S022,10B,10B-01,ALG,2025-09-26,50.3,84,0.25
S022,10B,10B-02,ALG,2025-10-10,62.9,70,0.3149802624737183
S022,10B,10B-02,FUNC,2025-10-10,35.7,70,0.3149802624737183
S022,10B,10B-03,FUNC,2025-10-17,26.3,63,0.3535533905932738
S022,10B,10B-04,ALG,2025-11-07,51.1,42,0.5
S022,10B,10B-04,FUNC,2025-11-07,32.1,42,0.5
S022,10B,10B-04,GEO,2025-11-07,71.5,42,0.5
S022,10B,10B-05,FUNC,2025-11-28,49.0,21,0.7071067811865476
S022,10B,10B-05,GEO,2025-11-28,60.6,21,0.7071067811865476
S022,10B,10B-05,TRIG,2025-11-28,62.3,21,0.7071067811865476
S022,10B,10B-06,DERIV,2025-12-05,49.1,14,0.7937005259840998
S022,10B,10B-06,FUNC,2025-12-05,45.8,14,0.7937005259840998
S022,10B,10B-06,TRIG,2025-12-05,60.7,14,0.7937005259840998
S022,10B,10B-07,ALG,2025-12-19,47.4,0,1.0
S022,10B,10B-07,DERIV,2025-12-19,45.2,0,1.0
S022,10B,10B-07,FUNC,2025-12-19,59.4,0,1.0
S022,10B,10B-07,GEO,2025-12-19,72.8,0,1.0
S022,10B,10B-07,TRIG,2025-12-19,48.0,0,1.0
S023,10B,10B-01,ALG,2025-09-26,72.9,84,0.25
S023,10B,10B-02,ALG,2025-10-10,72.2,70,0.3149802624737183
S023,10B,10B-02,FUNC,2025-10-10,67.4,70,0.3149802624737183
S023,10B,10B-03,FUNC,2025-10-17,62.0,63,0.3535533905932738
S023,10B,10B-04,ALG,2025-11-07,73.4,42,0.5
S023,10B,10B-04,FUNC,2025-11-07,53.8,42,0.5
S023,10B,10B-04,GEO,2025-11-07,55.5,42,0.5
S023,10B,10B-05,FUNC,2025-11-28,60.2,21,0.7071067811865476
S023,10B,10B-05,GEO,2025-11-28,59.6,21,0.7071067811865476
S023,10B,10B-05,TRIG,2025-11-28,22.3,21,0.7071067811865476
S023,10B,10B-06,DERIV,2025-12-05,44.8,14,0.7937005259840998
S023,10B,10B-06,FUNC,2025-12-05,67.4,14,0.7937005259840998
S023,10B,10B-06,TRIG,2025-12-05,33.3,14,0.7937005259840998
S023,10B,10B-07,ALG,2025-12-19,69.3,0,1.0
S023,10B,10B-07,DERIV,2025-12-19,55.4,0,1.0
S023,10B,10B-07,FUNC,2025-12-19,64.0,0,1.0
S023,10B,10B-07,GEO,2025-12-19,51.2,0,1.0
S023,10B,10B-07,TRIG,2025-12-19,30.1,0,1.0
S024,10B,10B-01,ALG,2025-09-26,79.4,84,0.25
S024,10B,10B-02,ALG,2025-10-10,78.3,70,0.3149802624737183
S024,10B,10B-02,FUNC,2025-10-10,80.4,70,0.3149802624737183
S024,10B,10B-03,FUNC,2025-10-17,74.8,63,0.3535533905932738
S024,10B,10B-04,ALG,2025-11-07,76.0,42,0.5
S024,10B,10B-04,FUNC,2025-11-07,65.4,42,0.5
S024,10B,10B-04,GEO,2025-11-07,52.6,42,0.5
S024,10B,10B-05,FUNC,2025-11-28,68.4,21,0.7071067811865476
S024,10B,10B-05,GEO,2025-11-28,56.5,21,0.7071067811865476
S024,10B,10B-05,TRIG,2025-11-28,66.5,21,0.7071067811865476
S024,10B,10B-06,DERIV,2025-12-05,37.0,14,0.7937005259840998
S024,10B,10B-06,FUNC,2025-12-05,61.2,14,0.7937005259840998
S024,10B,10B-06,TRIG,2025-12-05,78.5,14,0.7937005259840998
S024,10B,10B-07,ALG,2025-12-19,62.0,0,1.0
S024,10B,10B-07,DERIV,2025-12-19,42.0,0,1.0
S024,10B,10B-07,FUNC,2025-12-19,55.0,0,1.0
S024,10B,10B-07,GEO,2025-12-19,54.9,0,1.0
S024,10B,10B-07,TRIG,2025-12-19,70.6,0,1.0
S025,10B,10B-01,ALG,2025-09-26,67.0,84,0.25
S025,10B,10B-02,ALG,2025-10-10,78.9,70,0.3149802624737183
S025,10B,10B-02,FUNC,2025-10-10,35.6,70,0.3149802624737183
S025,10B,10B-03,FUNC,2025-10-17,35.7,63,0.3535533905932738
S025,10B,10B-04,ALG,2025-11-07,65.6,42,0.5
S025,10B,10B-04,FUNC,2025-11-07,33.6,42,0.5
S025,10B,10B-04,GEO,2025-11-07,56.3,42,0.5
S025,10B,10B-05,FUNC,2025-11-28,45.2,21,0.7071067811865476
S025,10B,10B-05,GEO,2025-11-28,48.2,21,0.7071067811865476
S025,10B,10B-05,TRIG,2025-11-28,54.1,21,0.7071067811865476
S025,10B,10B-06,DERIV,2025-12-05,50.7,14,0.7937005259840998
S025,10B,10B-06,FUNC,2025-12-05,51.5,14,0.7937005259840998
S025,10B,10B-06,TRIG,2025-12-05,51.1,14,0.7937005259840998
S025,10B,10B-07,ALG,2025-12-19,58.9,0,1.0
S025,10B,10B-07,DERIV,2025-12-19,36.7,0,1.0
S025,10B,10B-07,FUNC,2025-12-19,32.6,0,1.0
S025,10B,10B-07,GEO,2025-12-19,62.3,0,1.0
S025,10B,10B-07,TRIG,2025-12-19,58.5,0,1.0
S026,10B,10B-01,ALG,2025-09-26,55.5,84,0.25
S026,10B,10B-02,ALG,2025-10-10,75.2,70,0.3149802624737183
S026,10B,10B-02,FUNC,2025-10-10,36.5,70,0.3149802624737183
S026,10B,10B-03,FUNC,2025-10-17,48.4,63,0.3535533905932738
S026,10B,10B-04,ALG,2025-11-07,61.4,42,0.5
S026,10B,10B-04,FUNC,2025-11-07,47.9,42,0.5
S026,10B,10B-04,GEO,2025-11-07,53.1,42,0.5
S026,10B,10B-05,FUNC,2025-11-28,60.1,21,0.7071067811865476
S026,10B,10B-05,GEO,2025-11-28,59.1,21,0.7071067811865476
S026,10B,10B-05,TRIG,2025-11-28,72.3,21,0.7071067811865476
S026,10B,10B-06,DERIV,2025-12-05,40.6,14,0.7937005259840998
S026,10B,10B-06,FUNC,2025-12-05,71.1,14,0.7937005259840998
S026,10B,10B-06,TRIG,2025-12-05,69.1,14,0.7937005259840998
S026,10B,10B-07,ALG,2025-12-19,62.3,0,1.0
S026,10B,10B-07,DERIV,2025-12-19,55.6,0,1.0
S026,10B,10B-07,FUNC,2025-12-19,61.5,0,1.0
S026,10B,10B-07,GEO,2025-12-19,65.2,0,1.0
S026,10B,10B-07,TRIG,2025-12-19,63.5,0,1.0
S027,10B,10B-01,ALG,2025-09-26,35.6,84,0.25
S027,10B,10B-02,ALG,2025-10-10,44.1,70,0.3149802624737183
S027,10B,10B-02,FUNC,2025-10-10,56.5,70,0.3149802624737183
S027,10B,10B-03,FUNC,2025-10-17,47.2,63,0.3535533905932738
S027,10B,10B-04,ALG,2025-11-07,47.4,42,0.5
S027,10B,10B-04,FUNC,2025-11-07,51.1,42,0.5
S027,10B,10B-04,GEO,2025-11-07,39.8,42,0.5
S027,10B,10B-05,FUNC,2025-11-28,66.4,21,0.7071067811865476
S027,10B,10B-05,GEO,2025-11-28,47.3,21,0.7071067811865476
S027,10B,10B-05,TRIG,2025-11-28,31.4,21,0.7071067811865476
S027,10B,10B-06,DERIV,2025-12-05,15.0,14,0.7937005259840998
S027,10B,10B-06,FUNC,2025-12-05,61.5,14,0.7937005259840998
S027,10B,10B-06,TRIG,2025-12-05,39.6,14,0.7937005259840998
S027,10B,10B-07,ALG,2025-12-19,48.8,0,1.0
S027,10B,10B-07,DERIV,2025-12-19,20.7,0,1.0
S027,10B,10B-07,FUNC,2025-12-19,56.3,0,1.0
S027,10B,10B-07,GEO,2025-12-19,43.1,0,1.0
S027,10B,10B-07,TRIG,2025-12-19,30.6,0,1.0
S028,10B,10B-01,ALG,2025-09-26,52.5,84,0.25
S028,10B,10B-02,ALG,2025-10-10,67.2,70,0.3149802624737183
S028,10B,10B-02,FUNC,2025-10-10,59.0,70,0.3149802624737183
S028,10B,10B-03,FUNC,2025-10-17,55.7,63,0.3535533905932738
S028,10B,10B-04,ALG,2025-11-07,56.6,42,0.5
S028,10B,10B-04,FUNC,2025-11-07,63.4,42,0.5
S028,10B,10B-04,GEO,2025-11-07,69.6,42,0.5
S028,10B,10B-05,FUNC,2025-11-28,66.9,21,0.7071067811865476
S028,10B,10B-05,GEO,2025-11-28,78.2,21,0.7071067811865476
S028,10B,10B-05,TRIG,2025-11-28,26.4,21,0.7071067811865476
S028,10B,10B-06,DERIV,2025-12-05,52.7,14,0.7937005259840998
S028,10B,10B-06,FUNC,2025-12-05,60.4,14,0.7937005259840998
S028,10B,10B-06,TRIG,2025-12-05,28.3,14,0.7937005259840998
S028,10B,10B-07,ALG,2025-12-19,54.4,0,1.0
S028,10B,10B-07,DERIV,2025-12-19,54.1,0,1.0
S028,10B,10B-07,FUNC,2025-12-19,63.0,0,1.0
S028,10B,10B-07,GEO,2025-12-19,64.3,0,1.0
S028,10B,10B-07,TRIG,2025-12-19,25.8,0,1.0
S029,10B,10B-01,ALG,2025-09-26,59.7,84,0.25
S029,10B,10B-02,ALG,2025-10-10,57.8,70,0.3149802624737183
S029,10B,10B-02,FUNC,2025-10-10,55.0,70,0.3149802624737183
S029,10B,10B-03,FUNC,2025-10-17,62.1,63,0.3535533905932738
S029,10B,10B-04,ALG,2025-11-07,67.8,42,0.5
S029,10B,10B-04,FUNC,2025-11-07,60.7,42,0.5
S029,10B,10B-04,GEO,2025-11-07,62.3,42,0.5
S029,10B,10B-05,FUNC,2025-11-28,66.0,21,0.7071067811865476
S029,10B,10B-05,GEO,2025-11-28,66.8,21,0.7071067811865476
S029,10B,10B-05,TRIG,2025-11-28,68.8,21,0.7071067811865476
S029,10B,10B-06,DERIV,2025-12-05,54.6,14,0.7937005259840998
S029,10B,10B-06,FUNC,2025-12-05,57.5,14,0.7937005259840998
S029,10B,10B-06,TRIG,2025-12-05,80.4,14,0.7937005259840998
S029,10B,10B-07,ALG,2025-12-19,78.6,0,1.0
S029,10B,10B-07,DERIV,2025-12-19,53.2,0,1.0
S029,10B,10B-07,FUNC,2025-12-19,73.9,0,1.0
S029,10B,10B-07,GEO,2025-12-19,66.9,0,1.0
S029,10B,10B-07,TRIG,2025-12-19,81.5,0,1.0
S030,10B,10B-01,ALG,2025-09-26,64.5,84,0.25
S030,10B,10B-02,ALG,2025-10-10,79.0,70,0.3149802624737183
S030,10B,10B-02,FUNC,2025-10-10,16.3,70,0.3149802624737183
S030,10B,10B-03,FUNC,2025-10-17,20.5,63,0.3535533905932738
S030,10B,10B-04,ALG,2025-11-07,72.7,42,0.5
S030,10B,10B-04,FUNC,2025-11-07,37.3,42,0.5
S030,10B,10B-04,GEO,2025-11-07,79.9,42,0.5
S030,10B,10B-05,FUNC,2025-11-28,18.1,21,0.7071067811865476
S030,10B,10B-05,GEO,2025-11-28,80.9,21,0.7071067811865476
S030,10B,10B-05,TRIG,2025-11-28,76.2,21,0.7071067811865476
S030,10B,10B-06,DERIV,2025-12-05,53.8,14,0.7937005259840998
S030,10B,10B-06,FUNC,2025-12-05,31.9,14,0.7937005259840998
S030,10B,10B-06,TRIG,2025-12-05,82.7,14,0.7937005259840998
S030,10B,10B-07,ALG,2025-12-19,75.5,0,1.0
S030,10B,10B-07,DERIV,2025-12-19,42.4,0,1.0
S030,10B,10B-07,FUNC,2025-12-19,37.3,0,1.0
S030,10B,10B-07,GEO,2025-12-19,74.9,0,1.0
S030,10B,10B-07,TRIG,2025-12-19,83.9,0,1.0
S031,10B,10B-01,ALG,2025-09-26,65.2,84,0.25
S031,10B,10B-02,ALG,2025-10-10,61.2,70,0.3149802624737183
S031,10B,10B-02,FUNC,2025-10-10,53.3,70,0.3149802624737183
S031,10B,10B-03,FUNC,2025-10-17,59.6,63,0.3535533905932738
S031,10B,10B-04,ALG,2025-11-07,59.5,42,0.5
S031,10B,10B-04,FUNC,2025-11-07,55.8,42,0.5
S031,10B,10B-04,GEO,2025-11-07,76.6,42,0.5
S031,10B,10B-05,FUNC,2025-11-28,55.4,21,0.7071067811865476
S031,10B,10B-05,GEO,2025-11-28,73.5,21,0.7071067811865476
S031,10B,10B-05,TRIG,2025-11-28,27.6,21,0.7071067811865476
S031,10B,10B-06,DERIV,2025-12-05,41.4,14,0.7937005259840998
S031,10B,10B-06,FUNC,2025-12-05,58.3,14,0.7937005259840998
S031,10B,10B-06,TRIG,2025-12-05,9.6,14,0.7937005259840998
S031,10B,10B-07,ALG,2025-12-19,64.9,0,1.0
S031,10B,10B-07,DERIV,2025-12-19,32.3,0,1.0
S031,10B,10B-07,FUNC,2025-12-19,51.0,0,1.0
S031,10B,10B-07,GEO,2025-12-19,62.6,0,1.0
S031,10B,10B-07,TRIG,2025-12-19,6.9,0,1.0
S032,10B,10B-01,ALG,2025-09-26,73.9,84,0.25
S032,10B,10B-02,ALG,2025-10-10,74.5,70,0.3149802624737183
S032,10B,10B-02,FUNC,2025-10-10,92.3,70,0.3149802624737183
S032,10B,10B-03,FUNC,2025-10-17,81.5,63,0.3535533905932738
S032,10B,10B-04,ALG,2025-11-07,80.3,42,0.5
S032,10B,10B-04,FUNC,2025-11-07,83.3,42,0.5
S032,10B,10B-04,GEO,2025-11-07,87.6,42,0.5
S032,10B,10B-05,FUNC,2025-11-28,82.7,21,0.7071067811865476
S032,10B,10B-05,GEO,2025-11-28,68.6,21,0.7071067811865476
S032,10B,10B-05,TRIG,2025-11-28,86.7,21,0.7071067811865476
S032,10B,10B-06,DERIV,2025-12-05,47.9,14,0.7937005259840998
S032,10B,10B-06,FUNC,2025-12-05,87.5,14,0.7937005259840998
S032,10B,10B-06,TRIG,2025-12-05,92.6,14,0.7937005259840998
S032,10B,10B-07,ALG,2025-12-19,86.9,0,1.0
S032,10B,10B-07,DERIV,2025-12-19,56.9,0,1.0
S032,10B,10B-07,FUNC,2025-12-19,84.3,0,1.0
S032,10B,10B-07,GEO,2025-12-19,78.6,0,1.0
S032,10B,10B-07,TRIG,2025-12-19,85.3,0,1.0
S033,10B,10B-01,ALG,2025-09-26,56.7,84,0.25
S033,10B,10B-02,ALG,2025-10-10,50.8,70,0.3149802624737183
S033,10B,10B-02,FUNC,2025-10-10,31.4,70,0.3149802624737183
S033,10B,10B-03,FUNC,2025-10-17,28.5,63,0.3535533905932738
S033,10B,10B-04,ALG,2025-11-07,64.0,42,0.5
S033,10B,10B-04,FUNC,2025-11-07,39.8,42,0.5
S033,10B,10B-04,GEO,2025-11-07,69.4,42,0.5
S033,10B,10B-05,FUNC,2025-11-28,61.7,21,0.7071067811865476
S033,10B,10B-05,GEO,2025-11-28,63.0,21,0.7071067811865476
S033,10B,10B-05,TRIG,2025-11-28,68.4,21,0.7071067811865476
S033,10B,10B-06,DERIV,2025-12-05,59.9,14,0.7937005259840998
S033,10B,10B-06,FUNC,2025-12-05,52.7,14,0.7937005259840998
S033,10B,10B-06,TRIG,2025-12-05,53.4,14,0.7937005259840998
S033,10B,10B-07,ALG,2025-12-19,57.1,0,1.0
S033,10B,10B-07,DERIV,2025-12-19,56.6,0,1.0
S033,10B,10B-07,FUNC,2025-12-19,73.3,0,1.0
S033,10B,10B-07,GEO,2025-12-19,73.7,0,1.0
S033,10B,10B-07,TRIG,2025-12-19,58.7,0,1.0
S034,10B,10B-01,ALG,2025-09-26,48.6,84,0.25
S034,10B,10B-02,ALG,2025-10-10,41.8,70,0.3149802624737183
S034,10B,10B-02,FUNC,2025-10-10,63.8,70,0.3149802624737183
S034,10B,10B-03,FUNC,2025-10-17,69.6,63,0.3535533905932738
S034,10B,10B-04,ALG,2025-11-07,61.3,42,0.5
S034,10B,10B-04,FUNC,2025-11-07,77.0,42,0.5
S034,10B,10B-04,GEO,2025-11-07,67.2,42,0.5
S034,10B,10B-05,FUNC,2025-11-28,72.9,21,0.7071067811865476
S034,10B,10B-05,GEO,2025-11-28,64.1,21,0.7071067811865476
S034,10B,10B-05,TRIG,2025-11-28,60.0,21,0.7071067811865476
S034,10B,10B-06,DERIV,2025-12-05,48.3,14,0.7937005259840998
S034,10B,10B-06,FUNC,2025-12-05,77.0,14,0.7937005259840998
S034,10B,10B-06,TRIG,2025-12-05,62.1,14,0.7937005259840998
S034,10B,10B-07,ALG,2025-12-19,61.9,0,1.0
S034,10B,10B-07,DERIV,2025-12-19,47.1,0,1.0
S034,10B,10B-07,FUNC,2025-12-19,77.2,0,1.0
S034,10B,10B-07,GEO,2025-12-19,63.3,0,1.0
S034,10B,10B-07,TRIG,2025-12-19,64.5,0,1.0
S035,10B,10B-01,ALG,2025-09-26,81.4,84,0.25
S035,10B,10B-02,ALG,2025-10-10,83.6,70,0.3149802624737183
S035,10B,10B-02,FUNC,2025-10-10,88.2,70,0.3149802624737183
S035,10B,10B-03,FUNC,2025-10-17,81.8,63,0.3535533905932738
S035,10B,10B-04,ALG,2025-11-07,75.6,42,0.5
S035,10B,10B-04,FUNC,2025-11-07,87.8,42,0.5
S035,10B,10B-04,GEO,2025-11-07,81.3,42,0.5
S035,10B,10B-05,FUNC,2025-11-28,79.3,21,0.7071067811865476
S035,10B,10B-05,GEO,2025-11-28,93.9,21,0.7071067811865476
S035,10B,10B-05,TRIG,2025-11-28,74.0,21,0.7071067811865476
S035,10B,10B-06,DERIV,2025-12-05,46.7,14,0.7937005259840998
S035,10B,10B-06,FUNC,2025-12-05,68.3,14,0.7937005259840998
S035,10B,10B-06,TRIG,2025-12-05,69.4,14,0.7937005259840998
S035,10B,10B-07,ALG,2025-12-19,63.8,0,1.0
S035,10B,10B-07,DERIV,2025-12-19,40.5,0,1.0
S035,10B,10B-07,FUNC,2025-12-19,78.1,0,1.0
S035,10B,10B-07,GEO,2025-12-19,78.9,0,1.0
S035,10B,10B-07,TRIG,2025-12-19,74.5,0,1.0
S036,10B,10B-01,ALG,2025-09-26,70.6,84,0.25
S036,10B,10B-02,ALG,2025-10-10,59.1,70,0.3149802624737183
S036,10B,10B-02,FUNC,2025-10-10,58.3,70,0.3149802624737183
S036,10B,10B-03,FUNC,2025-10-17,64.1,63,0.3535533905932738
S036,10B,10B-04,ALG,2025-11-07,60.5,42,0.5
S036,10B,10B-04,FUNC,2025-11-07,50.5,42,0.5
S036,10B,10B-04,GEO,2025-11-07,51.4,42,0.5
S036,10B,10B-05,FUNC,2025-11-28,46.6,21,0.7071067811865476
S036,10B,10B-05,GEO,2025-11-28,56.1,21,0.7071067811865476
S036,10B,10B-05,TRIG,2025-11-28,26.2,21,0.7071067811865476
S036,10B,10B-06,DERIV,2025-12-05,55.6,14,0.7937005259840998
S036,10B,10B-06,FUNC,2025-12-05,43.4,14,0.7937005259840998
S036,10B,10B-06,TRIG,2025-12-05,26.6,14,0.7937005259840998
S036,10B,10B-07,ALG,2025-12-19,72.6,0,1.0
S036,10B,10B-07,DERIV,2025-12-19,47.6,0,1.0
S036,10B,10B-07,FUNC,2025-12-19,56.4,0,1.0
S036,10B,10B-07,GEO,2025-12-19,65.6,0,1.0
S036,10B,10B-07,TRIG,2025-12-19,24.8,0,1.0
S037,10B,10B-01,ALG,2025-09-26,63.6,84,0.25
S037,10B,10B-02,ALG,2025-10-10,50.0,70,0.3149802624737183
S037,10B,10B-02,FUNC,2025-10-10,52.9,70,0.3149802624737183
S037,10B,10B-03,FUNC,2025-10-17,51.7,63,0.3535533905932738
S037,10B,10B-04,ALG,2025-11-07,53.6,42,0.5
S037,10B,10B-04,FUNC,2025-11-07,44.9,42,0.5
S037,10B,10B-04,GEO,2025-11-07,43.2,42,0.5
S037,10B,10B-05,FUNC,2025-11-28,55.5,21,0.7071067811865476
S037,10B,10B-05,GEO,2025-11-28,67.9,21,0.7071067811865476
S037,10B,10B-05,TRIG,2025-11-28,58.5,21,0.7071067811865476
S037,10B,10B-06,DERIV,2025-12-05,30.2,14,0.7937005259840998
S037,10B,10B-06,FUNC,2025-12-05,52.7,14,0.7937005259840998
S037,10B,10B-06,TRIG,2025-12-05,55.8,14,0.7937005259840998
S037,10B,10B-07,ALG,2025-12-19,55.6,0,1.0
S037,10B,10B-07,DERIV,2025-12-19,36.8,0,1.0
S037,10B,10B-07,FUNC,2025-12-19,48.3,0,1.0
S037,10B,10B-07,GEO,2025-12-19,66.4,0,1.0
S037,10B,10B-07,TRIG,2025-12-19,53.0,0,1.0
S038,10B,10B-01,ALG,2025-09-26,73.6,84,0.25
S038,10B,10B-02,ALG,2025-10-10,65.0,70,0.3149802624737183
S038,10B,10B-02,FUNC,2025-10-10,25.1,70,0.3149802624737183
S038,10B,10B-03,FUNC,2025-10-17,15.1,63,0.3535533905932738
S038,10B,10B-04,ALG,2025-11-07,66.5,42,0.5
S038,10B,10B-04,FUNC,2025-11-07,25.9,42,0.5
S038,10B,10B-04,GEO,2025-11-07,54.2,42,0.5
S038,10B,10B-05,FUNC,2025-11-28,3.5,21,0.7071067811865476
S038,10B,10B-05,GEO,2025-11-28,62.1,21,0.7071067811865476
S038,10B,10B-05,TRIG,2025-11-28,57.1,21,0.7071067811865476
S038,10B,10B-06,DERIV,2025-12-05,37.8,14,0.7937005259840998
S038,10B,10B-06,FUNC,2025-12-05,18.6,14,0.7937005259840998
S038,10B,10B-06,TRIG,2025-12-05,49.8,14,0.7937005259840998
S038,10B,10B-07,ALG,2025-12-19,82.4,0,1.0
S038,10B,10B-07,DERIV,2025-12-19,35.4,0,1.0
S038,10B,10B-07,FUNC,2025-12-19,12.1,0,1.0
S038,10B,10B-07,GEO,2025-12-19,51.3,0,1.0
S038,10B,10B-07,TRIG,2025-12-19,51.7,0,1.0
S039,10B,10B-01,ALG,2025-09-26,65.6,84,0.25
S039,10B,10B-02,ALG,2025-10-10,60.6,70,0.3149802624737183
S039,10B,10B-02,FUNC,2025-10-10,24.9,70,0.3149802624737183
S039,10B,10B-03,FUNC,2025-10-17,32.9,63,0.3535533905932738
S039,10B,10B-04,ALG,2025-11-07,57.4,42,0.5
S039,10B,10B-04,FUNC,2025-11-07,34.0,42,0.5
S039,10B,10B-04,GEO,2025-11-07,72.8,42,0.5
S039,10B,10B-05,FUNC,2025-11-28,27.3,21,0.7071067811865476
S039,10B,10B-05,GEO,2025-11-28,81.2,21,0.7071067811865476
S039,10B,10B-05,TRIG,2025-11-28,62.4,21,0.7071067811865476
S039,10B,10B-06,DERIV,2025-12-05,38.2,14,0.7937005259840998
S039,10B,10B-06,FUNC,2025-12-05,31.0,14,0.7937005259840998
S039,10B,10B-06,TRIG,2025-12-05,51.8,14,0.7937005259840998
S039,10B,10B-07,ALG,2025-12-19,63.3,0,1.0
S039,10B,10B-07,DERIV,2025-12-19,43.8,0,1.0
S039,10B,10B-07,FUNC,2025-12-19,29.2,0,1.0
S039,10B,10B-07,GEO,2025-12-19,75.0,0,1.0
S039,10B,10B-07,TRIG,2025-12-19,66.2,0,1.0
S040,10B,10B-01,ALG,2025-09-26,84.8,84,0.25
S040,10B,10B-02,ALG,2025-10-10,72.6,70,0.3149802624737183
S040,10B,10B-02,FUNC,2025-10-10,67.7,70,0.3149802624737183
S040,10B,10B-03,FUNC,2025-10-17,87.3,63,0.3535533905932738
S040,10B,10B-04,ALG,2025-11-07,76.2,42,0.5
S040,10B,10B-04,FUNC,2025-11-07,79.8,42,0.5
S040,10B,10B-04,GEO,2025-11-07,91.7,42,0.5
S040,10B,10B-05,FUNC,2025-11-28,69.0,21,0.7071067811865476
S040,10B,10B-05,GEO,2025-11-28,77.7,21,0.7071067811865476
S040,10B,10B-05,TRIG,2025-11-28,78.8,21,0.7071067811865476
S040,10B,10B-06,DERIV,2025-12-05,51.8,14,0.7937005259840998
S040,10B,10B-06,FUNC,2025-12-05,73.2,14,0.7937005259840998
S040,10B,10B-06,TRIG,2025-12-05,84.6,14,0.7937005259840998
S040,10B,10B-07,ALG,2025-12-19,82.7,0,1.0
S040,10B,10B-07,DERIV,2025-12-19,49.6,0,1.0
S040,10B,10B-07,FUNC,2025-12-19,70.5,0,1.0
S040,10B,10B-07,GEO,2025-12-19,69.5,0,1.0
S040,10B,10B-07,TRIG,2025-12-19,78.3,0,1.0
S041,10C,10C-01,ALG,2025-09-26,64.3,84,0.25
S041,10C,10C-02,ALG,2025-10-17,77.6,63,0.3535533905932738
S041,10C,10C-02,GEO,2025-10-17,81.7,63,0.3535533905932738
S041,10C,10C-03,ALG,2025-11-07,61.0,42,0.5
S041,10C,10C-03,FUNC,2025-11-07,63.0,42,0.5
S041,10C,10C-03,GEO,2025-11-07,71.8,42,0.5
S041,10C,10C-04,FUNC,2025-11-21,76.1,28,0.6299605249474366
S041,10C,10C-04,GEO,2025-11-21,68.8,28,0.6299605249474366
S041,10C,10C-05,FUNC,2025-12-12,72.8,7,0.8908987181403393
S041,10C,10C-05,TRIG,2025-12-12,65.6,7,0.8908987181403393
S041,10C,10C-06,ALG,2025-12-19,83.0,0,1.0
S041,10C,10C-06,FUNC,2025-12-19,63.2,0,1.0
S041,10C,10C-06,GEO,2025-12-19,76.6,0,1.0
S041,10C,10C-06,TRIG,2025-12-19,78.2,0,1.0
S042,10C,10C-01,ALG,2025-09-26,78.2,84,0.25
S042,10C,10C-02,ALG,2025-10-17,68.5,63,0.3535533905932738
S042,10C,10C-02,GEO,2025-10-17,70.2,63,0.3535533905932738
S042,10C,10C-03,ALG,2025-11-07,79.5,42,0.5
S042,10C,10C-03,FUNC,2025-11-07,87.6,42,0.5
S042,10C,10C-03,GEO,2025-11-07,77.3,42,0.5
S042,10C,10C-04,FUNC,2025-11-21,74.6,28,0.6299605249474366
S042,10C,10C-04,GEO,2025-11-21,79.4,28,0.6299605249474366
S042,10C,10C-05,FUNC,2025-12-12,69.1,7,0.8908987181403393
S042,10C,10C-05,TRIG,2025-12-12,79.5,7,0.8908987181403393
S042,10C,10C-06,ALG,2025-12-19,74.6,0,1.0
S042,10C,10C-06,FUNC,2025-12-19,74.0,0,1.0
S042,10C,10C-06,GEO,2025-12-19,79.4,0,1.0
S042,10C,10C-06,TRIG,2025-12-19,80.4,0,1.0
S043,10C,10C-01,ALG,2025-09-26,87.9,84,0.25
S043,10C,10C-02,ALG,2025-10-17,80.2,63,0.3535533905932738
S043,10C,10C-02,GEO,2025-10-17,82.9,63,0.3535533905932738
S043,10C,10C-03,ALG,2025-11-07,77.0,42,0.5
S043,10C,10C-03,FUNC,2025-11-07,72.7,42,0.5
S043,10C,10C-03,GEO,2025-11-07,92.2,42,0.5
S043,10C,10C-04,FUNC,2025-11-21,98.5,28,0.6299605249474366
S043,10C,10C-04,GEO,2025-11-21,86.6,28,0.6299605249474366
S043,10C,10C-05,FUNC,2025-12-12,84.6,7,0.8908987181403393
S043,10C,10C-05,TRIG,2025-12-12,66.5,7,0.8908987181403393
S043,10C,10C-06,ALG,2025-12-19,82.0,0,1.0
S043,10C,10C-06,FUNC,2025-12-19,77.5,0,1.0
S043,10C,10C-06,GEO,2025-12-19,90.3,0,1.0
S043,10C,10C-06,TRIG,2025-12-19,69.7,0,1.0
S044,10C,10C-01,ALG,2025-09-26,57.7,84,0.25
S044,10C,10C-02,ALG,2025-10-17,64.1,63,0.3535533905932738
S044,10C,10C-02,GEO,2025-10-17,64.5,63,0.3535533905932738
S044,10C,10C-04,FUNC,2025-11-21,69.4,28,0.6299605249474366
S044,10C,10C-04,GEO,2025-11-21,62.8,28,0.6299605249474366
S044,10C,10C-05,FUNC,2025-12-12,64.1,7,0.8908987181403393
S044,10C,10C-05,TRIG,2025-12-12,64.1,7,0.8908987181403393
S044,10C,10C-06,ALG,2025-12-19,56.7,0,1.0
S044,10C,10C-06,FUNC,2025-12-19,64.0,0,1.0
S044,10C,10C-06,GEO,2025-12-19,65.5,0,1.0
S044,10C,10C-06,TRIG,2025-12-19,58.2,0,1.0
S045,10C,10C-01,ALG,2025-09-26,53.0,84,0.25
S045,10C,10C-02,ALG,2025-10-17,57.4,63,0.3535533905932738
S045,10C,10C-02,GEO,2025-10-17,45.7,63,0.3535533905932738
S045,10C,10C-03,ALG,2025-11-07,50.4,42,0.5
S045,10C,10C-03,FUNC,2025-11-07,49.2,42,0.5
S045,10C,10C-03,GEO,2025-11-07,47.6,42,0.5
S045,10C,10C-04,FUNC,2025-11-21,46.2,28,0.6299605249474366
S045,10C,10C-04,GEO,2025-11-21,39.7,28,0.6299605249474366
S045,10C,10C-05,FUNC,2025-12-12,46.1,7,0.8908987181403393
S045,10C,10C-05,TRIG,2025-12-12,48.3,7,0.8908987181403393
S045,10C,10C-06,ALG,2025-12-19,52.3,0,1.0
S045,10C,10C-06,FUNC,2025-12-19,38.3,0,1.0
S045,10C,10C-06,GEO,2025-12-19,39.7,0,1.0
S045,10C,10C-06,TRIG,2025-12-19,49.3,0,1.0
S046,10C,10C-01,ALG,2025-09-26,54.4,84,0.25
S046,10C,10C-02,ALG,2025-10-17,63.8,63,0.3535533905932738
S046,10C,10C-02,GEO,2025-10-17,59.1,63,0.3535533905932738
S046,10C,10C-03,ALG,2025-11-07,56.3,42,0.5
S046,10C,10C-03,FUNC,2025-11-07,45.8,42,0.5
S046,10C,10C-03,GEO,2025-11-07,58.8,42,0.5
S046,10C,10C-04,FUNC,2025-11-21,47.2,28,0.6299605249474366
S046,10C,10C-04,GEO,2025-11-21,49.0,28,0.6299605249474366
S046,10C,10C-05,FUNC,2025-12-12,51.5,7,0.8908987181403393
S046,10C,10C-05,TRIG,2025-12-12,57.0,7,0.8908987181403393
S046,10C,10C-06,ALG,2025-12-19,55.1,0,1.0
S046,10C,10C-06,FUNC,2025-12-19,53.6,0,1.0
S046,10C,10C-06,GEO,2025-12-19,63.8,0,1.0
S046,10C,10C-06,TRIG,2025-12-19,61.2,0,1.0
S047,10C,10C-01,ALG,2025-09-26,81.4,84,0.25
S047,10C,10C-02,ALG,2025-10-17,84.6,63,0.3535533905932738
S047,10C,10C-02,GEO,2025-10-17,56.7,63,0.3535533905932738
S047,10C,10C-03,ALG,2025-11-07,67.7,42,0.5
S047,10C,10C-03,FUNC,2025-11-07,71.1,42,0.5
S047,10C,10C-03,GEO,2025-11-07,52.0,42,0.5
S047,10C,10C-04,FUNC,2025-11-21,69.9,28,0.6299605249474366
S047,10C,10C-04,GEO,2025-11-21,61.8,28,0.6299605249474366
S047,10C,10C-05,FUNC,2025-12-12,72.5,7,0.8908987181403393
S047,10C,10C-05,TRIG,2025-12-12,78.2,7,0.8908987181403393
S047,10C,10C-06,ALG,2025-12-19,71.3,0,1.0
S047,10C,10C-06,FUNC,2025-12-19,70.1,0,1.0
S047,10C,10C-06,GEO,2025-12-19,54.5,0,1.0
S047,10C,10C-06,TRIG,2025-12-19,69.4,0,1.0
S048,10C,10C-01,ALG,2025-09-26,40.8,84,0.25
S048,10C,10C-02,ALG,2025-10-17,45.8,63,0.3535533905932738
S048,10C,10C-02,GEO,2025-10-17,67.9,63,0.3535533905932738
S048,10C,10C-03,ALG,2025-11-07,52.3,42,0.5
S048,10C,10C-03,FUNC,2025-11-07,57.8,42,0.5
S048,10C,10C-03,GEO,2025-11-07,61.4,42,0.5
S048,10C,10C-04,FUNC,2025-11-21,55.0,28,0.6299605249474366
S048,10C,10C-04,GEO,2025-11-21,56.8,28,0.6299605249474366
S048,10C,10C-05,FUNC,2025-12-12,41.3,7,0.8908987181403393
S048,10C,10C-05,TRIG,2025-12-12,54.9,7,0.8908987181403393
S048,10C,10C-06,ALG,2025-12-19,43.6,0,1.0
S048,10C,10C-06,FUNC,2025-12-19,56.1,0,1.0
S048,10C,10C-06,GEO,2025-12-19,76.1,0,1.0
S048,10C,10C-06,TRIG,2025-12-19,43.2,0,1.0
S049,10C,10C-01,ALG,2025-09-26,58.7,84,0.25
S049,10C,10C-02,ALG,2025-10-17,49.3,63,0.3535533905932738
S049,10C,10C-02,GEO,2025-10-17,52.7,63,0.3535533905932738
S049,10C,10C-03,ALG,2025-11-07,54.0,42,0.5
S049,10C,10C-03,FUNC,2025-11-07,52.7,42,0.5
S049,10C,10C-03,GEO,2025-11-07,48.4,42,0.5
S049,10C,10C-04,FUNC,2025-11-21,64.9,28,0.6299605249474366
S049,10C,10C-04,GEO,2025-11-21,47.3,28,0.6299605249474366
S049,10C,10C-05,FUNC,2025-12-12,59.0,7,0.8908987181403393
S049,10C,10C-05,TRIG,2025-12-12,59.8,7,0.8908987181403393
S049,10C,10C-06,ALG,2025-12-19,52.1,0,1.0
S049,10C,10C-06,FUNC,2025-12-19,49.3,0,1.0
S049,10C,10C-06,GEO,2025-12-19,44.5,0,1.0
S049,10C,10C-06,TRIG,2025-12-19,56.7,0,1.0
S050,10C,10C-01,ALG,2025-09-26,57.6,84,0.25
S050,10C,10C-02,ALG,2025-10-17,59.7,63,0.3535533905932738
S050,10C,10C-02,GEO,2025-10-17,40.0,63,0.3535533905932738
S050,10C,10C-03,ALG,2025-11-07,52.2,42,0.5
S050,10C,10C-03,FUNC,2025-11-07,57.4,42,0.5
S050,10C,10C-03,GEO,2025-11-07,45.9,42,0.5
S050,10C,10C-04,FUNC,2025-11-21,58.3,28,0.6299605249474366
S050,10C,10C-04,GEO,2025-11-21,43.5,28,0.6299605249474366
S050,10C,10C-05,FUNC,2025-12-12,51.6,7,0.8908987181403393
S050,10C,10C-05,TRIG,2025-12-12,62.6,7,0.8908987181403393
S050,10C,10C-06,ALG,2025-12-19,61.0,0,1.0
S050,10C,10C-06,FUNC,2025-12-19,54.4,0,1.0
S050,10C,10C-06,GEO,2025-12-19,57.6,0,1.0
S050,10C,10C-06,TRIG,2025-12-19,47.6,0,1.0
S051,10C,10C-01,ALG,2025-09-26,60.6,84,0.25
S051,10C,10C-02,ALG,2025-10-17,63.2,63,0.3535533905932738
S051,10C,10C-02,GEO,2025-10-17,72.9,63,0.3535533905932738
S051,10C,10C-03,ALG,2025-11-07,57.5,42,0.5
S051,10C,10C-03,FUNC,2025-11-07,71.1,42,0.5
S051,10C,10C-03,GEO,2025-11-07,58.5,42,0.5
S051,10C,10C-04,FUNC,2025-11-21,73.4,28,0.6299605249474366
S051,10C,10C-04,GEO,2025-11-21,56.1,28,0.6299605249474366
S051,10C,10C-05,FUNC,2025-12-12,75.5,7,0.8908987181403393
S051,10C,10C-05,TRIG,2025-12-12,57.5,7,0.8908987181403393
S051,10C,10C-06,ALG,2025-12-19,60.9,0,1.0
S051,10C,10C-06,FUNC,2025-12-19,72.7,0,1.0
S051,10C,10C-06,GEO,2025-12-19,61.7,0,1.0
S051,10C,10C-06,TRIG,2025-12-19,64.9,0,1.0
S052,10C,10C-01,ALG,2025-09-26,41.7,84,0.25
S052,10C,10C-02,ALG,2025-10-17,52.4,63,0.3535533905932738
S052,10C,10C-02,GEO,2025-10-17,39.5,63,0.3535533905932738
S052,10C,10C-03,ALG,2025-11-07,49.6,42,0.5
S052,10C,10C-03,FUNC,2025-11-07,36.7,42,0.5
S052,10C,10C-03,GEO,2025-11-07,48.1,42,0.5
S052,10C,10C-04,FUNC,2025-11-21,28.2,28,0.6299605249474366
S052,10C,10C-04,GEO,2025-11-21,55.4,28,0.6299605249474366
S052,10C,10C-05,FUNC,2025-12-12,37.3,7,0.8908987181403393
S052,10C,10C-05,TRIG,2025-12-12,56.2,7,0.8908987181403393
S052,10C,10C-06,ALG,2025-12-19,37.0,0,1.0
S052,10C,10C-06,FUNC,2025-12-19,35.4,0,1.0
S052,10C,10C-06,GEO,2025-12-19,48.8,0,1.0
S052,10C,10C-06,TRIG,2025-12-19,48.9,0,1.0
S053,10C,10C-01,ALG,2025-09-26,80.9,84,0.25
S053,10C,10C-02,ALG,2025-10-17,89.5,63,0.3535533905932738
S053,10C,10C-02,GEO,2025-10-17,92.3,63,0.3535533905932738
S053,10C,10C-03,ALG,2025-11-07,88.9,42,0.5
S053,10C,10C-03,FUNC,2025-11-07,84.9,42,0.5
S053,10C,10C-03,GEO,2025-11-07,100.0,42,0.5
S053,10C,10C-04,FUNC,2025-11-21,85.9,28,0.6299605249474366
S053,10C,10C-04,GEO,2025-11-21,88.9,28,0.6299605249474366
S053,10C,10C-05,FUNC,2025-12-12,87.2,7,0.8908987181403393
S053,10C,10C-05,TRIG,2025-12-12,90.5,7,0.8908987181403393
S053,10C,10C-06,ALG,2025-12-19,82.1,0,1.0
S053,10C,10C-06,FUNC,2025-12-19,89.6,0,1.0
S053,10C,10C-06,GEO,2025-12-19,88.9,0,1.0
S053,10C,10C-06,TRIG,2025-12-19,81.8,0,1.0
S054,10C,10C-01,ALG,2025-09-26,75.4,84,0.25
S054,10C,10C-02,ALG,2025-10-17,69.7,63,0.3535533905932738
S054,10C,10C-02,GEO,2025-10-17,53.1,63,0.3535533905932738
S054,10C,10C-03,ALG,2025-11-07,71.3,42,0.5
S054,10C,10C-03,FUNC,2025-11-07,63.9,42,0.5
S054,10C,10C-03,GEO,2025-11-07,52.6,42,0.5
S054,10C,10C-04,FUNC,2025-11-21,68.5,28,0.6299605249474366
S054,10C,10C-04,GEO,2025-11-21,62.2,28,0.6299605249474366
S054,10C,10C-05,FUNC,2025-12-12,63.1,7,0.8908987181403393
S054,10C,10C-05,TRIG,2025-12-12,62.7,7,0.8908987181403393
S054,10C,10C-06,ALG,2025-12-19,72.9,0,1.0
S054,10C,10C-06,FUNC,2025-12-19,48.8,0,1.0
S054,10C,10C-06,GEO,2025-12-19,61.4,0,1.0
S054,10C,10C-06,TRIG,2025-12-19,64.0,0,1.0
S055,10C,10C-01,ALG,2025-09-26,57.2,84,0.25
S055,10C,10C-02,ALG,2025-10-17,58.6,63,0.3535533905932738
S055,10C,10C-02,GEO,2025-10-17,49.6,63,0.3535533905932738
S055,10C,10C-03,ALG,2025-11-07,53.7,42,0.5
S055,10C,10C-03,FUNC,2025-11-07,58.3,42,0.5
S055,10C,10C-03,GEO,2025-11-07,51.6,42,0.5
S055,10C,10C-04,FUNC,2025-11-21,47.4,28,0.6299605249474366
S055,10C,10C-04,GEO,2025-11-21,51.1,28,0.6299605249474366
S055,10C,10C-05,FUNC,2025-12-12,68.1,7,0.8908987181403393
S055,10C,10C-05,TRIG,2025-12-12,85.3,7,0.8908987181403393
S055,10C,10C-06,ALG,2025-12-19,65.0,0,1.0
S055,10C,10C-06,FUNC,2025-12-19,51.9,0,1.0
S055,10C,10C-06,GEO,2025-12-19,55.4,0,1.0
S055,10C,10C-06,TRIG,2025-12-19,77.1,0,1.0
S056,10C,10C-01,ALG,2025-09-26,79.6,84,0.25
S056,10C,10C-02,ALG,2025-10-17,70.4,63,0.3535533905932738
S056,10C,10C-02,GEO,2025-10-17,74.7,63,0.3535533905932738
S056,10C,10C-03,ALG,2025-11-07,73.8,42,0.5
S056,10C,10C-03,FUNC,2025-11-07,69.0,42,0.5
S056,10C,10C-03,GEO,2025-11-07,81.6,42,0.5
S056,10C,10C-04,FUNC,2025-11-21,67.3,28,0.6299605249474366
S056,10C,10C-04,GEO,2025-11-21,69.1,28,0.6299605249474366
S056,10C,10C-05,FUNC,2025-12-12,67.8,7,0.8908987181403393
S056,10C,10C-05,TRIG,2025-12-12,58.3,7,0.8908987181403393
S056,10C,10C-06,ALG,2025-12-19,73.1,0,1.0
S056,10C,10C-06,FUNC,2025-12-19,73.7,0,1.0
S056,10C,10C-06,GEO,2025-12-19,75.9,0,1.0
S056,10C,10C-06,TRIG,2025-12-19,83.8,0,1.0
S057,10C,10C-01,ALG,2025-09-26,62.9,84,0.25
S057,10C,10C-02,ALG,2025-10-17,61.1,63,0.3535533905932738
S057,10C,10C-02,GEO,2025-10-17,46.1,63,0.3535533905932738
S057,10C,10C-03,ALG,2025-11-07,58.0,42,0.5
S057,10C,10C-03,FUNC,2025-11-07,63.0,42,0.5
S057,10C,10C-03,GEO,2025-11-07,55.0,42,0.5
S057,10C,10C-04,FUNC,2025-11-21,70.8,28,0.6299605249474366
S057,10C,10C-04,GEO,2025-11-21,58.4,28,0.6299605249474366
S057,10C,10C-05,FUNC,2025-12-12,65.2,7,0.8908987181403393
S057,10C,10C-05,TRIG,2025-12-12,63.9,7,0.8908987181403393
S057,10C,10C-06,ALG,2025-12-19,68.5,0,1.0
S057,10C,10C-06,FUNC,2025-12-19,59.4,0,1.0
S057,10C,10C-06,GEO,2025-12-19,53.3,0,1.0
S057,10C,10C-06,TRIG,2025-12-19,58.0,0,1.0
S058,10C,10C-01,ALG,2025-09-26,62.0,84,0.25
S058,10C,10C-02,ALG,2025-10-17,63.5,63,0.3535533905932738
S058,10C,10C-02,GEO,2025-10-17,68.8,63,0.3535533905932738
S058,10C,10C-03,ALG,2025-11-07,64.5,42,0.5
S058,10C,10C-03,FUNC,2025-11-07,53.3,42,0.5
S058,10C,10C-03,GEO,2025-11-07,72.7,42,0.5
S058,10C,10C-04,FUNC,2025-11-21,64.9,28,0.6299605249474366
S058,10C,10C-04,GEO,2025-11-21,73.4,28,0.6299605249474366
S058,10C,10C-05,FUNC,2025-12-12,44.7,7,0.8908987181403393
S058,10C,10C-05,TRIG,2025-12-12,52.3,7,0.8908987181403393
S058,10C,10C-06,ALG,2025-12-19,56.5,0,1.0
S058,10C,10C-06,FUNC,2025-12-19,57.6,0,1.0
S058,10C,10C-06,GEO,2025-12-19,58.5,0,1.0
S058,10C,10C-06,TRIG,2025-12-19,62.7,0,1.0
S059,10C,10C-01,ALG,2025-09-26,77.0,84,0.25
S059,10C,10C-02,ALG,2025-10-17,82.5,63,0.3535533905932738
S059,10C,10C-02,GEO,2025-10-17,72.4,63,0.3535533905932738
S059,10C,10C-03,ALG,2025-11-07,83.4,42,0.5
S059,10C,10C-03,FUNC,2025-11-07,96.2,42,0.5
S059,10C,10C-03,GEO,2025-11-07,81.2,42,0.5
S059,10C,10C-04,FUNC,2025-11-21,91.2,28,0.6299605249474366
S059,10C,10C-04,GEO,2025-11-21,64.0,28,0.6299605249474366
S059,10C,10C-05,FUNC,2025-12-12,84.0,7,0.8908987181403393
S059,10C,10C-05,TRIG,2025-12-12,85.7,7,0.8908987181403393
S059,10C,10C-06,ALG,2025-12-19,74.6,0,1.0
S059,10C,10C-06,FUNC,2025-12-19,85.5,0,1.0
S059,10C,10C-06,GEO,2025-12-19,65.6,0,1.0
S059,10C,10C-06,TRIG,2025-12-19,81.1,0,1.0
S060,10C,10C-01,ALG,2025-09-26,50.5,84,0.25
S060,10C,10C-02,ALG,2025-10-17,53.5,63,0.3535533905932738
S060,10C,10C-02,GEO,2025-10-17,66.9,63,0.3535533905932738
S060,10C,10C-03,ALG,2025-11-07,52.5,42,0.5
S060,10C,10C-03,FUNC,2025-11-07,71.9,42,0.5
S060,10C,10C-03,GEO,2025-11-07,66.5,42,0.5
S060,10C,10C-04,FUNC,2025-11-21,61.3,28,0.6299605249474366
S060,10C,10C-04,GEO,2025-11-21,66.7,28,0.6299605249474366
S060,10C,10C-05,FUNC,2025-12-12,56.7,7,0.8908987181403393
S060,10C,10C-05,TRIG,2025-12-12,56.3,7,0.8908987181403393
S060,10C,10C-06,ALG,2025-12-19,53.4,0,1.0
S060,10C,10C-06,FUNC,2025-12-19,58.5,0,1.0
S060,10C,10C-06,GEO,2025-12-19,72.7,0,1.0
S060,10C,10C-06,TRIG,2025-12-19,59.3,0,1.0
