student_id,topic_id,before_score,after_score,delta,label,n_before,n_after,attended
S002,FUNC,29.9,48.1,18.200000000000003,improved,2,2,True
S005,FUNC,24.9,41.9,17.0,improved,2,2,True
S009,FUNC,32.95,31.700000000000003,-1.25,no_clear_change,2,2,True
S016,FUNC,44.65,69.55,24.9,improved,2,2,True
S022,FUNC,29.200000000000003,47.4,18.199999999999996,improved,2,2,True
S026,FUNC,48.15,65.6,17.449999999999996,improved,2,2,True
S033,FUNC,34.15,57.2,23.050000000000004,improved,2,2,True
S038,FUNC,20.5,11.05,-9.45,no_clear_change,2,2,True
S039,FUNC,33.45,29.15,-4.300000000000004,no_clear_change,2,2,False
