class_id,topic_id,start_date,end_date
10A,ALG,2025-09-08,2025-09-26
10A,FUNC,2025-09-29,2025-10-17
10A,GEO,2025-10-20,2025-11-07
10A,TRIG,2025-11-10,2025-11-28
10A,DERIV,2025-12-01,2025-12-19
10B,ALG,2025-09-08,2025-09-26
10B,FUNC,2025-09-29,2025-10-17
10B,GEO,2025-10-20,2025-11-07
10B,TRIG,2025-11-10,2025-11-28
10B,DERIV,2025-12-01,2025-12-19
10C,ALG,2025-09-08,2025-10-03
10C,GEO,2025-10-06,2025-10-31
10C,FUNC,2025-11-03,2025-11-28
10C,TRIG,2025-12-01,2026-01-09
10C,DERIV,2026-01-12,2026-02-06
