student_id,assessment_id,topic_id,score_pct
S001,10A-01,ALG,75.0
S002,10A-01,ALG,63.2
S003,10A-01,ALG,58.9
S004,10A-01,ALG,59.9
S005,10A-01,ALG,71.7
S006,10A-01,ALG,50.7
S007,10A-01,ALG,86.8
S008,10A-01,ALG,63.2
S009,10A-01,ALG,83.9
S010,10A-01,ALG,61.9
S011,10A-01,ALG,74.1
S012,10A-01,ALG,63.9
S013,10A-01,ALG,50.7
S014,10A-01,ALG,58.2
S015,10A-01,ALG,70.4
S016,10A-01,ALG,73.3
S017,10A-01,ALG,79.0
S018,10A-01,ALG,51.0
S019,10A-01,ALG,66.9
S020,10A-01,ALG,52.1
S021,10B-01,ALG,63.0
S022,10B-01,ALG,50.3
S023,10B-01,ALG,72.9
S024,10B-01,ALG,79.4
S025,10B-01,ALG,67.0
S026,10B-01,ALG,55.5
S027,10B-01,ALG,35.6
S028,10B-01,ALG,52.5
S029,10B-01,ALG,59.7
S030,10B-01,ALG,64.5
S031,10B-01,ALG,65.2
S032,10B-01,ALG,73.9
S033,10B-01,ALG,56.7
S034,10B-01,ALG,48.6
S035,10B-01,ALG,81.4
S036,10B-01,ALG,70.6
S037,10B-01,ALG,63.6
S038,10B-01,ALG,73.6
S039,10B-01,ALG,65.6
S040,10B-01,ALG,84.8
S041,10C-01,ALG,64.3
S042,10C-01,ALG,78.2
S043,10C-01,ALG,87.9
S044,10C-01,ALG,57.7
S045,10C-01,ALG,53.0
S046,10C-01,ALG,54.4
S047,10C-01,ALG,81.4
S048,10C-01,ALG,40.8
S049,10C-01,ALG,58.7
S050,10C-01,ALG,57.6
S051,10C-01,ALG,60.6
S052,10C-01,ALG,41.7
S053,10C-01,ALG,80.9
S054,10C-01,ALG,75.4
S055,10C-01,ALG,57.2
S056,10C-01,ALG,79.6
S057,10C-01,ALG,62.9
S058,10C-01,ALG,62.0
S059,10C-01,ALG,77.0
S060,10C-01,ALG,50.5
S001,10A-02,ALG,77.5
S001,10A-02,FUNC,97.6
S002,10A-02,ALG,64.1
S002,10A-02,FUNC,21.5
S003,10A-02,ALG,67.7
S003,10A-02,FUNC,59.3
S004,10A-02,ALG,60.2
S004,10A-02,FUNC,23.5
S005,10A-02,ALG,73.3
S005,10A-02,FUNC,37.5
S006,10A-02,ALG,36.5
S006,10A-02,FUNC,42.1
S007,10A-02,ALG,70.2
S007,10A-02,FUNC,88.3
S008,10A-02,ALG,64.3
S008,10A-02,FUNC,60.2
S009,10A-02,ALG,76.9
S009,10A-02,FUNC,25.0
S010,10A-02,ALG,50.3
S010,10A-02,FUNC,62.3
S011,10A-02,ALG,66.0
S011,10A-02,FUNC,61.3
S012,10A-02,ALG,65.0
S012,10A-02,FUNC,24.7
S013,10A-02,ALG,55.8
S013,10A-02,FUNC,47.4
S014,10A-02,ALG,57.8
S014,10A-02,FUNC,83.1
S015,10A-02,ALG,69.8
S015,10A-02,FUNC,64.8
S016,10A-02,ALG,63.5
S016,10A-02,FUNC,39.3
S017,10A-02,ALG,75.8
S017,10A-02,FUNC,74.0
S018,10A-02,ALG,61.1
S018,10A-02,FUNC,27.1
S019,10A-02,ALG,63.9
S019,10A-02,FUNC,66.9
S020,10A-02,ALG,47.1
S020,10A-02,FUNC,54.0
S021,10B-02,ALG,66.0
S021,10B-02,FUNC,70.8
S022,10B-02,ALG,62.9
S022,10B-02,FUNC,35.7
S023,10B-02,ALG,72.2
S023,10B-02,FUNC,67.4
S024,10B-02,ALG,78.3
S024,10B-02,FUNC,80.4
S025,10B-02,ALG,78.9
S025,10B-02,FUNC,35.6
S026,10B-02,ALG,75.2
S026,10B-02,FUNC,36.5
S027,10B-02,ALG,44.1
S027,10B-02,FUNC,56.5
S028,10B-02,ALG,67.2
S028,10B-02,FUNC,59.0
S029,10B-02,ALG,57.8
S029,10B-02,FUNC,55.0
S030,10B-02,ALG,79.0
S030,10B-02,FUNC,16.3
S031,10B-02,ALG,61.2
S031,10B-02,FUNC,53.3
S032,10B-02,ALG,74.5
S032,10B-02,FUNC,92.3
S033,10B-02,ALG,50.8
S033,10B-02,FUNC,31.4
S034,10B-02,ALG,41.8
S034,10B-02,FUNC,63.8
S035,10B-02,ALG,83.6
S035,10B-02,FUNC,88.2
S036,10B-02,ALG,59.1
S036,10B-02,FUNC,58.3
S037,10B-02,ALG,50.0
S037,10B-02,FUNC,52.9
S038,10B-02,ALG,65.0
S038,10B-02,FUNC,25.1
S039,10B-02,ALG,60.6
S039,10B-02,FUNC,24.9
S040,10B-02,ALG,72.6
S040,10B-02,FUNC,67.7
S001,10A-03,FUNC,89.6
S002,10A-03,FUNC,30.5
S003,10A-03,FUNC,54.4
S004,10A-03,FUNC,30.6
S005,10A-03,FUNC,19.8
S006,10A-03,FUNC,38.7
S007,10A-03,FUNC,90.4
S008,10A-03,FUNC,69.7
S009,10A-03,FUNC,32.6
S010,10A-03,FUNC,53.6
S011,10A-03,FUNC,60.8
S012,10A-03,FUNC,27.9
S013,10A-03,FUNC,62.3
S014,10A-03,FUNC,85.5
S015,10A-03,FUNC,62.5
S016,10A-03,FUNC,41.9
S017,10A-03,FUNC,86.4
S018,10A-03,FUNC,2.1
S019,10A-03,FUNC,63.4
S020,10A-03,FUNC,55.8
S021,10B-03,FUNC,56.1
S022,10B-03,FUNC,26.3
S023,10B-03,FUNC,62.0
S024,10B-03,FUNC,74.8
S025,10B-03,FUNC,35.7
S026,10B-03,FUNC,48.4
S027,10B-03,FUNC,47.2
S028,10B-03,FUNC,55.7
S029,10B-03,FUNC,62.1
S030,10B-03,FUNC,20.5
S031,10B-03,FUNC,59.6
S032,10B-03,FUNC,81.5
S033,10B-03,FUNC,28.5
S034,10B-03,FUNC,69.6
S035,10B-03,FUNC,81.8
S036,10B-03,FUNC,64.1
S037,10B-03,FUNC,51.7
S038,10B-03,FUNC,15.1
S039,10B-03,FUNC,32.9
S040,10B-03,FUNC,87.3
S041,10C-02,ALG,77.6
S041,10C-02,GEO,81.7
S042,10C-02,ALG,68.5
S042,10C-02,GEO,70.2
S043,10C-02,ALG,80.2
S043,10C-02,GEO,82.9
S044,10C-02,ALG,64.1
S044,10C-02,GEO,64.5
S045,10C-02,ALG,57.4
S045,10C-02,GEO,45.7
S046,10C-02,ALG,63.8
S046,10C-02,GEO,59.1
S047,10C-02,ALG,84.6
S047,10C-02,GEO,56.7
S048,10C-02,ALG,45.8
S048,10C-02,GEO,67.9
S049,10C-02,ALG,49.3
S049,10C-02,GEO,52.7
S050,10C-02,ALG,59.7
S050,10C-02,GEO,40.0
S051,10C-02,ALG,63.2
S051,10C-02,GEO,72.9
S052,10C-02,ALG,52.4
S052,10C-02,GEO,39.5
S053,10C-02,ALG,89.5
S053,10C-02,GEO,92.3
S054,10C-02,ALG,69.7
S054,10C-02,GEO,53.1
S055,10C-02,ALG,58.6
S055,10C-02,GEO,49.6
S056,10C-02,ALG,70.4
S056,10C-02,GEO,74.7
S057,10C-02,ALG,61.1
S057,10C-02,GEO,46.1
S058,10C-02,ALG,63.5
S058,10C-02,GEO,68.8
S059,10C-02,ALG,82.5
S059,10C-02,GEO,72.4
S060,10C-02,ALG,53.5
S060,10C-02,GEO,66.9
S001,10A-04,ALG,64.4
S001,10A-04,FUNC,81.3
S001,10A-04,GEO,82.2
S002,10A-04,ALG,60.4
S002,10A-04,FUNC,29.3
S002,10A-04,GEO,62.4
S003,10A-04,ALG,66.8
S003,10A-04,FUNC,59.2
S003,10A-04,GEO,55.1
S004,10A-04,ALG,59.3
S004,10A-04,FUNC,17.8
S004,10A-04,GEO,63.1
S005,10A-04,ALG,73.1
S005,10A-04,FUNC,30.0
S005,10A-04,GEO,73.0
S006,10A-04,ALG,45.5
S006,10A-04,FUNC,46.2
S006,10A-04,GEO,30.2
S007,10A-04,ALG,68.5
S007,10A-04,FUNC,77.2
S007,10A-04,GEO,54.4
S008,10A-04,ALG,53.7
S008,10A-04,FUNC,62.5
S008,10A-04,GEO,66.8
S009,10A-04,ALG,64.4
S009,10A-04,FUNC,33.3
S009,10A-04,GEO,63.9
S010,10A-04,ALG,60.5
S010,10A-04,FUNC,60.6
S010,10A-04,GEO,59.7
S011,10A-04,ALG,60.5
S011,10A-04,FUNC,57.5
S011,10A-04,GEO,73.1
S012,10A-04,ALG,69.5
S012,10A-04,FUNC,28.5
S012,10A-04,GEO,63.6
S013,10A-04,ALG,59.9
S013,10A-04,FUNC,51.1
S013,10A-04,GEO,69.6
S014,10A-04,ALG,51.7
S014,10A-04,FUNC,76.2
S014,10A-04,GEO,62.0
S016,10A-04,ALG,68.9
S016,10A-04,FUNC,47.4
S016,10A-04,GEO,58.6
S017,10A-04,ALG,75.8
S017,10A-04,FUNC,83.9
S017,10A-04,GEO,90.6
S018,10A-04,ALG,50.8
S018,10A-04,FUNC,28.9
S018,10A-04,GEO,67.4
S019,10A-04,ALG,59.5
S019,10A-04,FUNC,70.1
S019,10A-04,GEO,82.6
S020,10A-04,ALG,57.6
S020,10A-04,FUNC,64.6
S020,10A-04,GEO,68.3
S021,10B-04,ALG,56.7
S021,10B-04,FUNC,52.6
S021,10B-04,GEO,69.6
S022,10B-04,ALG,51.1
S022,10B-04,FUNC,32.1
S022,10B-04,GEO,71.5
S023,10B-04,ALG,73.4
S023,10B-04,FUNC,53.8
S023,10B-04,GEO,55.5
S024,10B-04,ALG,76.0
S024,10B-04,FUNC,65.4
S024,10B-04,GEO,52.6
S025,10B-04,ALG,65.6
S025,10B-04,FUNC,33.6
S025,10B-04,GEO,56.3
S026,10B-04,ALG,61.4
S026,10B-04,FUNC,47.9
S026,10B-04,GEO,53.1
S027,10B-04,ALG,47.4
S027,10B-04,FUNC,51.1
S027,10B-04,GEO,39.8
S028,10B-04,ALG,56.6
S028,10B-04,FUNC,63.4
S028,10B-04,GEO,69.6
S029,10B-04,ALG,67.8
S029,10B-04,FUNC,60.7
S029,10B-04,GEO,62.3
S030,10B-04,ALG,72.7
S030,10B-04,FUNC,37.3
S030,10B-04,GEO,79.9
S031,10B-04,ALG,59.5
S031,10B-04,FUNC,55.8
S031,10B-04,GEO,76.6
S032,10B-04,ALG,80.3
S032,10B-04,FUNC,83.3
S032,10B-04,GEO,87.6
S033,10B-04,ALG,64.0
S033,10B-04,FUNC,39.8
S033,10B-04,GEO,69.4
S034,10B-04,ALG,61.3
S034,10B-04,FUNC,77.0
S034,10B-04,GEO,67.2
S035,10B-04,ALG,75.6
S035,10B-04,FUNC,87.8
S035,10B-04,GEO,81.3
S036,10B-04,ALG,60.5
S036,10B-04,FUNC,50.5
S036,10B-04,GEO,51.4
S037,10B-04,ALG,53.6
S037,10B-04,FUNC,44.9
S037,10B-04,GEO,43.2
S038,10B-04,ALG,66.5
S038,10B-04,FUNC,25.9
S038,10B-04,GEO,54.2
S039,10B-04,ALG,57.4
S039,10B-04,FUNC,34.0
S039,10B-04,GEO,72.8
S040,10B-04,ALG,76.2
S040,10B-04,FUNC,79.8
S040,10B-04,GEO,91.7
S041,10C-03,ALG,61.0
S041,10C-03,GEO,71.8
S041,10C-03,FUNC,63.0
S042,10C-03,ALG,79.5
S042,10C-03,GEO,77.3
S042,10C-03,FUNC,87.6
S043,10C-03,ALG,77.0
S043,10C-03,GEO,92.2
S043,10C-03,FUNC,72.7
S045,10C-03,ALG,50.4
S045,10C-03,GEO,47.6
S045,10C-03,FUNC,49.2
S046,10C-03,ALG,56.3
S046,10C-03,GEO,58.8
S046,10C-03,FUNC,45.8
S047,10C-03,ALG,67.7
S047,10C-03,GEO,52.0
S047,10C-03,FUNC,71.1
S048,10C-03,ALG,52.3
S048,10C-03,GEO,61.4
S048,10C-03,FUNC,57.8
S049,10C-03,ALG,54.0
S049,10C-03,GEO,48.4
S049,10C-03,FUNC,52.7
S050,10C-03,ALG,52.2
S050,10C-03,GEO,45.9
S050,10C-03,FUNC,57.4
S051,10C-03,ALG,57.5
S051,10C-03,GEO,58.5
S051,10C-03,FUNC,71.1
S052,10C-03,ALG,49.6
S052,10C-03,GEO,48.1
S052,10C-03,FUNC,36.7
S053,10C-03,ALG,88.9
S053,10C-03,GEO,100.0
S053,10C-03,FUNC,84.9
S054,10C-03,ALG,71.3
S054,10C-03,GEO,52.6
S054,10C-03,FUNC,63.9
S055,10C-03,ALG,53.7
S055,10C-03,GEO,51.6
S055,10C-03,FUNC,58.3
S056,10C-03,ALG,73.8
S056,10C-03,GEO,81.6
S056,10C-03,FUNC,69.0
S057,10C-03,ALG,58.0
S057,10C-03,GEO,55.0
S057,10C-03,FUNC,63.0
S058,10C-03,ALG,64.5
S058,10C-03,GEO,72.7
S058,10C-03,FUNC,53.3
S059,10C-03,ALG,83.4
S059,10C-03,GEO,81.2
S059,10C-03,FUNC,96.2
S060,10C-03,ALG,52.5
S060,10C-03,GEO,66.5
S060,10C-03,FUNC,71.9
S041,10C-04,GEO,68.8
S041,10C-04,FUNC,76.1
S042,10C-04,GEO,79.4
S042,10C-04,FUNC,74.6
S043,10C-04,GEO,86.6
S043,10C-04,FUNC,98.5
S044,10C-04,GEO,62.8
S044,10C-04,FUNC,69.4
S045,10C-04,GEO,39.7
S045,10C-04,FUNC,46.2
S046,10C-04,GEO,49.0
S046,10C-04,FUNC,47.2
S047,10C-04,GEO,61.8
S047,10C-04,FUNC,69.9
S048,10C-04,GEO,56.8
S048,10C-04,FUNC,55.0
S049,10C-04,GEO,47.3
S049,10C-04,FUNC,64.9
S050,10C-04,GEO,43.5
S050,10C-04,FUNC,58.3
S051,10C-04,GEO,56.1
S051,10C-04,FUNC,73.4
S052,10C-04,GEO,55.4
S052,10C-04,FUNC,28.2
S053,10C-04,GEO,88.9
S053,10C-04,FUNC,85.9
S054,10C-04,GEO,62.2
S054,10C-04,FUNC,68.5
S055,10C-04,GEO,51.1
S055,10C-04,FUNC,47.4
S056,10C-04,GEO,69.1
S056,10C-04,FUNC,67.3
S057,10C-04,GEO,58.4
S057,10C-04,FUNC,70.8
S058,10C-04,GEO,73.4
S058,10C-04,FUNC,64.9
S059,10C-04,GEO,64.0
S059,10C-04,FUNC,91.2
S060,10C-04,GEO,66.7
S060,10C-04,FUNC,61.3
S001,10A-05,FUNC,81.8
S001,10A-05,GEO,69.6
S001,10A-05,TRIG,72.1
S002,10A-05,FUNC,50.5
S002,10A-05,GEO,58.0
S002,10A-05,TRIG,57.2
S003,10A-05,FUNC,48.2
S003,10A-05,GEO,56.8
S003,10A-05,TRIG,20.8
S004,10A-05,FUNC,24.3
S004,10A-05,GEO,69.8
S004,10A-05,TRIG,63.6
S005,10A-05,FUNC,46.8
S005,10A-05,GEO,74.9
S005,10A-05,TRIG,78.8
S006,10A-05,FUNC,44.6
S006,10A-05,GEO,28.0
S006,10A-05,TRIG,65.5
S007,10A-05,FUNC,88.1
S007,10A-05,GEO,52.2
S007,10A-05,TRIG,34.6
S008,10A-05,FUNC,72.2
S008,10A-05,GEO,78.9
S008,10A-05,TRIG,67.8
S009,10A-05,FUNC,25.3
S009,10A-05,GEO,56.6
S009,10A-05,TRIG,65.3
S010,10A-05,FUNC,66.0
S010,10A-05,GEO,74.6
S010,10A-05,TRIG,71.0
S011,10A-05,FUNC,74.8
S011,10A-05,GEO,63.6
S011,10A-05,TRIG,23.2
S012,10A-05,FUNC,31.4
S012,10A-05,GEO,68.8
S012,10A-05,TRIG,56.0
S013,10A-05,FUNC,55.0
S013,10A-05,GEO,60.0
S013,10A-05,TRIG,52.0
S014,10A-05,FUNC,63.2
S014,10A-05,GEO,61.8
S014,10A-05,TRIG,24.3
S015,10A-05,FUNC,63.1
S015,10A-05,GEO,61.8
S015,10A-05,TRIG,72.6
S016,10A-05,FUNC,62.5
S016,10A-05,GEO,64.2
S016,10A-05,TRIG,64.9
S017,10A-05,FUNC,72.7
S017,10A-05,GEO,75.4
S017,10A-05,TRIG,77.7
S018,10A-05,FUNC,19.8
S018,10A-05,GEO,59.0
S018,10A-05,TRIG,28.3
S019,10A-05,FUNC,69.2
S019,10A-05,GEO,83.6
S019,10A-05,TRIG,77.7
S020,10A-05,FUNC,58.3
S020,10A-05,GEO,68.5
S020,10A-05,TRIG,58.5
S021,10B-05,FUNC,61.3
S021,10B-05,GEO,67.8
S021,10B-05,TRIG,52.9
S022,10B-05,FUNC,49.0
S022,10B-05,GEO,60.6
S022,10B-05,TRIG,62.3
S023,10B-05,FUNC,60.2
S023,10B-05,GEO,59.6
S023,10B-05,TRIG,22.3
S024,10B-05,FUNC,68.4
S024,10B-05,GEO,56.5
S024,10B-05,TRIG,66.5
S025,10B-05,FUNC,45.2
S025,10B-05,GEO,48.2
S025,10B-05,TRIG,54.1
S026,10B-05,FUNC,60.1
S026,10B-05,GEO,59.1
S026,10B-05,TRIG,72.3
S027,10B-05,FUNC,66.4
S027,10B-05,GEO,47.3
S027,10B-05,TRIG,31.4
S028,10B-05,FUNC,66.9
S028,10B-05,GEO,78.2
S028,10B-05,TRIG,26.4
S029,10B-05,FUNC,66.0
S029,10B-05,GEO,66.8
S029,10B-05,TRIG,68.8
S030,10B-05,FUNC,18.1
S030,10B-05,GEO,80.9
S030,10B-05,TRIG,76.2
S031,10B-05,FUNC,55.4
S031,10B-05,GEO,73.5
S031,10B-05,TRIG,27.6
S032,10B-05,FUNC,82.7
S032,10B-05,GEO,68.6
S032,10B-05,TRIG,86.7
S033,10B-05,FUNC,61.7
S033,10B-05,GEO,63.0
S033,10B-05,TRIG,68.4
S034,10B-05,FUNC,72.9
S034,10B-05,GEO,64.1
S034,10B-05,TRIG,60.0
S035,10B-05,FUNC,79.3
S035,10B-05,GEO,93.9
S035,10B-05,TRIG,74.0
S036,10B-05,FUNC,46.6
S036,10B-05,GEO,56.1
S036,10B-05,TRIG,26.2
S037,10B-05,FUNC,55.5
S037,10B-05,GEO,67.9
S037,10B-05,TRIG,58.5
S038,10B-05,FUNC,3.5
S038,10B-05,GEO,62.1
S038,10B-05,TRIG,57.1
S039,10B-05,FUNC,27.3
S039,10B-05,GEO,81.2
S039,10B-05,TRIG,62.4
S040,10B-05,FUNC,69.0
S040,10B-05,GEO,77.7
S040,10B-05,TRIG,78.8
S001,10A-06,FUNC,77.8
S001,10A-06,TRIG,52.7
S001,10A-06,DERIV,69.0
S002,10A-06,FUNC,45.7
S002,10A-06,TRIG,49.3
S002,10A-06,DERIV,60.9
S003,10A-06,FUNC,56.8
S003,10A-06,TRIG,35.5
S003,10A-06,DERIV,71.0
S004,10A-06,FUNC,15.3
S004,10A-06,TRIG,64.2
S004,10A-06,DERIV,64.1
S005,10A-06,FUNC,37.0
S005,10A-06,TRIG,63.1
S005,10A-06,DERIV,71.5
S006,10A-06,FUNC,44.6
S006,10A-06,TRIG,56.5
S006,10A-06,DERIV,39.8
S007,10A-06,FUNC,74.7
S007,10A-06,TRIG,38.7
S007,10A-06,DERIV,69.2
S008,10A-06,FUNC,62.7
S008,10A-06,TRIG,81.1
S008,10A-06,DERIV,56.5
S009,10A-06,FUNC,38.1
S009,10A-06,TRIG,50.0
S009,10A-06,DERIV,70.1
S011,10A-06,FUNC,64.2
S011,10A-06,TRIG,27.6
S011,10A-06,DERIV,78.1
S012,10A-06,FUNC,37.8
S012,10A-06,TRIG,56.5
S012,10A-06,DERIV,63.7
S013,10A-06,FUNC,58.3
S013,10A-06,TRIG,77.7
S013,10A-06,DERIV,62.4
S014,10A-06,FUNC,83.4
S014,10A-06,TRIG,21.4
S014,10A-06,DERIV,78.8
S015,10A-06,FUNC,63.9
S015,10A-06,TRIG,71.7
S015,10A-06,DERIV,68.8
S016,10A-06,FUNC,76.6
S016,10A-06,TRIG,67.0
S016,10A-06,DERIV,59.3
S017,10A-06,FUNC,73.1
S017,10A-06,TRIG,82.1
S017,10A-06,DERIV,75.3
S018,10A-06,FUNC,28.6
S018,10A-06,TRIG,27.4
S018,10A-06,DERIV,67.4
S020,10A-06,FUNC,57.2
S020,10A-06,TRIG,55.5
S020,10A-06,DERIV,61.4
S022,10B-06,FUNC,45.8
S022,10B-06,TRIG,60.7
S022,10B-06,DERIV,49.1
S023,10B-06,FUNC,67.4
S023,10B-06,TRIG,33.3
S023,10B-06,DERIV,44.8
S024,10B-06,FUNC,61.2
S024,10B-06,TRIG,78.5
S024,10B-06,DERIV,37.0
S025,10B-06,FUNC,51.5
S025,10B-06,TRIG,51.1
S025,10B-06,DERIV,50.7
S026,10B-06,FUNC,71.1
S026,10B-06,TRIG,69.1
S026,10B-06,DERIV,40.6
S027,10B-06,FUNC,61.5
S027,10B-06,TRIG,39.6
S027,10B-06,DERIV,15.0
S028,10B-06,FUNC,60.4
S028,10B-06,TRIG,28.3
S028,10B-06,DERIV,52.7
S029,10B-06,FUNC,57.5
S029,10B-06,TRIG,80.4
S029,10B-06,DERIV,54.6
S030,10B-06,FUNC,31.9
S030,10B-06,TRIG,82.7
S030,10B-06,DERIV,53.8
S031,10B-06,FUNC,58.3
S031,10B-06,TRIG,9.6
S031,10B-06,DERIV,41.4
S032,10B-06,FUNC,87.5
S032,10B-06,TRIG,92.6
S032,10B-06,DERIV,47.9
S033,10B-06,FUNC,52.7
S033,10B-06,TRIG,53.4
S033,10B-06,DERIV,59.9
S034,10B-06,FUNC,77.0
S034,10B-06,TRIG,62.1
S034,10B-06,DERIV,48.3
S035,10B-06,FUNC,68.3
S035,10B-06,TRIG,69.4
S035,10B-06,DERIV,46.7
S036,10B-06,FUNC,43.4
S036,10B-06,TRIG,26.6
S036,10B-06,DERIV,55.6
S037,10B-06,FUNC,52.7
S037,10B-06,TRIG,55.8
S037,10B-06,DERIV,30.2
S038,10B-06,FUNC,18.6
S038,10B-06,TRIG,49.8
S038,10B-06,DERIV,37.8
S039,10B-06,FUNC,31.0
S039,10B-06,TRIG,51.8
S039,10B-06,DERIV,38.2
S040,10B-06,FUNC,73.2
S040,10B-06,TRIG,84.6
S040,10B-06,DERIV,51.8
S041,10C-05,FUNC,72.8
S041,10C-05,TRIG,65.6
S042,10C-05,FUNC,69.1
S042,10C-05,TRIG,79.5
S043,10C-05,FUNC,84.6
S043,10C-05,TRIG,66.5
S044,10C-05,FUNC,64.1
S044,10C-05,TRIG,64.1
S045,10C-05,FUNC,46.1
S045,10C-05,TRIG,48.3
S046,10C-05,FUNC,51.5
S046,10C-05,TRIG,57.0
S047,10C-05,FUNC,72.5
S047,10C-05,TRIG,78.2
S048,10C-05,FUNC,41.3
S048,10C-05,TRIG,54.9
S049,10C-05,FUNC,59.0
S049,10C-05,TRIG,59.8
S050,10C-05,FUNC,51.6
S050,10C-05,TRIG,62.6
S051,10C-05,FUNC,75.5
S051,10C-05,TRIG,57.5
S052,10C-05,FUNC,37.3
S052,10C-05,TRIG,56.2
S053,10C-05,FUNC,87.2
S053,10C-05,TRIG,90.5
S054,10C-05,FUNC,63.1
S054,10C-05,TRIG,62.7
S055,10C-05,FUNC,68.1
S055,10C-05,TRIG,85.3
S056,10C-05,FUNC,67.8
S056,10C-05,TRIG,58.3
S057,10C-05,FUNC,65.2
S057,10C-05,TRIG,63.9
S058,10C-05,FUNC,44.7
S058,10C-05,TRIG,52.3
S059,10C-05,FUNC,84.0
S059,10C-05,TRIG,85.7
S060,10C-05,FUNC,56.7
S060,10C-05,TRIG,56.3
S001,10A-07,ALG,62.6
S001,10A-07,FUNC,82.6
S001,10A-07,GEO,67.2
S001,10A-07,TRIG,67.5
S001,10A-07,DERIV,70.2
S002,10A-07,ALG,52.5
S002,10A-07,FUNC,42.4
S002,10A-07,GEO,67.5
S002,10A-07,TRIG,56.4
S002,10A-07,DERIV,63.8
S003,10A-07,ALG,65.6
S003,10A-07,FUNC,62.0
S003,10A-07,GEO,49.5
S003,10A-07,TRIG,29.1
S003,10A-07,DERIV,59.8
S004,10A-07,ALG,58.3
S004,10A-07,FUNC,25.6
S004,10A-07,GEO,50.0
S004,10A-07,TRIG,73.9
S004,10A-07,DERIV,60.9
S005,10A-07,ALG,68.5
S005,10A-07,FUNC,51.6
S005,10A-07,GEO,68.9
S005,10A-07,TRIG,56.9
S005,10A-07,DERIV,65.6
S006,10A-07,ALG,38.1
S006,10A-07,FUNC,48.2
S006,10A-07,GEO,41.8
S006,10A-07,TRIG,54.2
S006,10A-07,DERIV,38.3
S007,10A-07,ALG,69.9
S007,10A-07,FUNC,82.4
S007,10A-07,GEO,52.0
S007,10A-07,TRIG,23.6
S007,10A-07,DERIV,78.8
S008,10A-07,ALG,82.4
S008,10A-07,FUNC,67.4
S008,10A-07,GEO,81.2
S008,10A-07,TRIG,67.8
S008,10A-07,DERIV,76.8
S009,10A-07,ALG,76.2
S009,10A-07,FUNC,21.5
S009,10A-07,GEO,59.2
S009,10A-07,TRIG,58.9
S009,10A-07,DERIV,66.2
S010,10A-07,ALG,56.1
S010,10A-07,FUNC,63.1
S010,10A-07,GEO,62.1
S010,10A-07,TRIG,68.6
S010,10A-07,DERIV,32.9
S011,10A-07,ALG,78.1
S011,10A-07,FUNC,53.7
S011,10A-07,GEO,67.8
S011,10A-07,TRIG,34.2
S011,10A-07,DERIV,76.2
S012,10A-07,ALG,64.4
S012,10A-07,FUNC,31.6
S012,10A-07,GEO,62.9
S012,10A-07,TRIG,64.9
S012,10A-07,DERIV,57.0
S013,10A-07,ALG,68.2
S013,10A-07,FUNC,68.0
S013,10A-07,GEO,62.1
S013,10A-07,TRIG,67.1
S013,10A-07,DERIV,81.8
S014,10A-07,ALG,63.7
S014,10A-07,FUNC,60.5
S014,10A-07,GEO,58.8
S014,10A-07,TRIG,24.2
S014,10A-07,DERIV,80.3
S015,10A-07,ALG,62.2
S015,10A-07,FUNC,63.3
S015,10A-07,GEO,50.6
S015,10A-07,TRIG,66.1
S015,10A-07,DERIV,69.7
S016,10A-07,ALG,60.6
S016,10A-07,FUNC,65.5
S016,10A-07,GEO,72.3
S016,10A-07,TRIG,57.6
S016,10A-07,DERIV,58.2
S017,10A-07,ALG,66.1
S017,10A-07,FUNC,75.5
S017,10A-07,GEO,66.9
S017,10A-07,TRIG,70.0
S017,10A-07,DERIV,72.2
S018,10A-07,ALG,68.0
S018,10A-07,FUNC,30.9
S018,10A-07,GEO,67.9
S018,10A-07,TRIG,18.7
S018,10A-07,DERIV,64.1
S019,10A-07,ALG,59.1
S019,10A-07,FUNC,67.7
S019,10A-07,GEO,64.3
S019,10A-07,TRIG,65.2
S019,10A-07,DERIV,40.0
S020,10A-07,ALG,53.5
S020,10A-07,FUNC,44.2
S020,10A-07,GEO,61.2
S020,10A-07,TRIG,69.2
S020,10A-07,DERIV,64.9
S021,10B-07,ALG,64.8
S021,10B-07,FUNC,76.7
S021,10B-07,GEO,59.2
S021,10B-07,TRIG,49.1
S021,10B-07,DERIV,41.5
S022,10B-07,ALG,47.4
S022,10B-07,FUNC,59.4
S022,10B-07,GEO,72.8
S022,10B-07,TRIG,48.0
S022,10B-07,DERIV,45.2
S023,10B-07,ALG,69.3
S023,10B-07,FUNC,64.0
S023,10B-07,GEO,51.2
S023,10B-07,TRIG,30.1
S023,10B-07,DERIV,55.4
S024,10B-07,ALG,62.0
S024,10B-07,FUNC,55.0
S024,10B-07,GEO,54.9
S024,10B-07,TRIG,70.6
S024,10B-07,DERIV,42.0
S025,10B-07,ALG,58.9
S025,10B-07,FUNC,32.6
S025,10B-07,GEO,62.3
S025,10B-07,TRIG,58.5
S025,10B-07,DERIV,36.7
S026,10B-07,ALG,62.3
S026,10B-07,FUNC,61.5
S026,10B-07,GEO,65.2
S026,10B-07,TRIG,63.5
S026,10B-07,DERIV,55.6
S027,10B-07,ALG,48.8
S027,10B-07,FUNC,56.3
S027,10B-07,GEO,43.1
S027,10B-07,TRIG,30.6
S027,10B-07,DERIV,20.7
S028,10B-07,ALG,54.4
S028,10B-07,FUNC,63.0
S028,10B-07,GEO,64.3
S028,10B-07,TRIG,25.8
S028,10B-07,DERIV,54.1
S029,10B-07,ALG,78.6
S029,10B-07,FUNC,73.9
S029,10B-07,GEO,66.9
S029,10B-07,TRIG,81.5
S029,10B-07,DERIV,53.2
S030,10B-07,ALG,75.5
S030,10B-07,FUNC,37.3
S030,10B-07,GEO,74.9
S030,10B-07,TRIG,83.9
S030,10B-07,DERIV,42.4
S031,10B-07,ALG,64.9
S031,10B-07,FUNC,51.0
S031,10B-07,GEO,62.6
S031,10B-07,TRIG,6.9
S031,10B-07,DERIV,32.3
S032,10B-07,ALG,86.9
S032,10B-07,FUNC,84.3
S032,10B-07,GEO,78.6
S032,10B-07,TRIG,85.3
S032,10B-07,DERIV,56.9
S033,10B-07,ALG,57.1
S033,10B-07,FUNC,73.3
S033,10B-07,GEO,73.7
S033,10B-07,TRIG,58.7
S033,10B-07,DERIV,56.6
S034,10B-07,ALG,61.9
S034,10B-07,FUNC,77.2
S034,10B-07,GEO,63.3
S034,10B-07,TRIG,64.5
S034,10B-07,DERIV,47.1
S035,10B-07,ALG,63.8
S035,10B-07,FUNC,78.1
S035,10B-07,GEO,78.9
S035,10B-07,TRIG,74.5
S035,10B-07,DERIV,40.5
S036,10B-07,ALG,72.6
S036,10B-07,FUNC,56.4
S036,10B-07,GEO,65.6
S036,10B-07,TRIG,24.8
S036,10B-07,DERIV,47.6
S037,10B-07,ALG,55.6
S037,10B-07,FUNC,48.3
S037,10B-07,GEO,66.4
S037,10B-07,TRIG,53.0
S037,10B-07,DERIV,36.8
S038,10B-07,ALG,82.4
S038,10B-07,FUNC,12.1
S038,10B-07,GEO,51.3
S038,10B-07,TRIG,51.7
S038,10B-07,DERIV,35.4
S039,10B-07,ALG,63.3
S039,10B-07,FUNC,29.2
S039,10B-07,GEO,75.0
S039,10B-07,TRIG,66.2
S039,10B-07,DERIV,43.8
S040,10B-07,ALG,82.7
S040,10B-07,FUNC,70.5
S040,10B-07,GEO,69.5
S040,10B-07,TRIG,78.3
S040,10B-07,DERIV,49.6
S041,10C-06,ALG,83.0
S041,10C-06,GEO,76.6
S041,10C-06,FUNC,63.2
S041,10C-06,TRIG,78.2
S042,10C-06,ALG,74.6
S042,10C-06,GEO,79.4
S042,10C-06,FUNC,74.0
S042,10C-06,TRIG,80.4
S043,10C-06,ALG,82.0
S043,10C-06,GEO,90.3
S043,10C-06,FUNC,77.5
S043,10C-06,TRIG,69.7
S044,10C-06,ALG,56.7
S044,10C-06,GEO,65.5
S044,10C-06,FUNC,64.0
S044,10C-06,TRIG,58.2
S045,10C-06,ALG,52.3
S045,10C-06,GEO,39.7
S045,10C-06,FUNC,38.3
S045,10C-06,TRIG,49.3
S046,10C-06,ALG,55.1
S046,10C-06,GEO,63.8
S046,10C-06,FUNC,53.6
S046,10C-06,TRIG,61.2
S047,10C-06,ALG,71.3
S047,10C-06,GEO,54.5
S047,10C-06,FUNC,70.1
S047,10C-06,TRIG,69.4
S048,10C-06,ALG,43.6
S048,10C-06,GEO,76.1
S048,10C-06,FUNC,56.1
S048,10C-06,TRIG,43.2
S049,10C-06,ALG,52.1
S049,10C-06,GEO,44.5
S049,10C-06,FUNC,49.3
S049,10C-06,TRIG,56.7
S050,10C-06,ALG,61.0
S050,10C-06,GEO,57.6
S050,10C-06,FUNC,54.4
S050,10C-06,TRIG,47.6
S051,10C-06,ALG,60.9
S051,10C-06,GEO,61.7
S051,10C-06,FUNC,72.7
S051,10C-06,TRIG,64.9
S052,10C-06,ALG,37.0
S052,10C-06,GEO,48.8
S052,10C-06,FUNC,35.4
S052,10C-06,TRIG,48.9
S053,10C-06,ALG,82.1
S053,10C-06,GEO,88.9
S053,10C-06,FUNC,89.6
S053,10C-06,TRIG,81.8
S054,10C-06,ALG,72.9
S054,10C-06,GEO,61.4
S054,10C-06,FUNC,48.8
S054,10C-06,TRIG,64.0
S055,10C-06,ALG,65.0
S055,10C-06,GEO,55.4
S055,10C-06,FUNC,51.9
S055,10C-06,TRIG,77.1
S056,10C-06,ALG,73.1
S056,10C-06,GEO,75.9
S056,10C-06,FUNC,73.7
S056,10C-06,TRIG,83.8
S057,10C-06,ALG,68.5
S057,10C-06,GEO,53.3
S057,10C-06,FUNC,59.4
S057,10C-06,TRIG,58.0
S058,10C-06,ALG,56.5
S058,10C-06,GEO,58.5
S058,10C-06,FUNC,57.6
S058,10C-06,TRIG,62.7
S059,10C-06,ALG,74.6
S059,10C-06,GEO,65.6
S059,10C-06,FUNC,85.5
S059,10C-06,TRIG,81.1
S060,10C-06,ALG,53.4
S060,10C-06,GEO,72.7
S060,10C-06,FUNC,58.5
S060,10C-06,TRIG,59.3
