student_id,class_id
S001,10A
S002,10A
S003,10A
S004,10A
S005,10A
S006,10A
S007,10A
S008,10A
S009,10A
S010,10A
S011,10A
S012,10A
S013,10A
S014,10A
S015,10A
S016,10A
S017,10A
S018,10A
S019,10A
S020,10A
S021,10B
S022,10B
S023,10B
S024,10B
S025,10B
S026,10B
S027,10B
S028,10B
S029,10B
S030,10B
S031,10B
S032,10B
S033,10B
S034,10B
S035,10B
S036,10B
S037,10B
S038,10B
S039,10B
S040,10B
S041,10C
S042,10C
S043,10C
S044,10C
S045,10C
S046,10C
S047,10C
S048,10C
S049,10C
S050,10C
S051,10C
S052,10C
S053,10C
S054,10C
S055,10C
S056,10C
S057,10C
S058,10C
S059,10C
S060,10C
